transcript_id	start	end	seq	score
ENST00000009589	129	129	AGCCAUGGCUUUUAAGGAUAC	0.002126483662521632
ENST00000009589	155	155	AAACACCCGUGGAGCCGGAGG	0.001985865304787252
ENST00000009589	170	170	CGGAGGUGGCAAUUCACCGAA	0.000847083351831087
ENST00000009589	281	281	UGAAAGGACCAGUUCGAAUGC	1.4818661761743554e-05
ENST00000009589	313	313	UUGAGAAUCACUACAAGAAAA	8.088804792949359e-05
ENST00000009589	434	434	UUACUUCCAUCAGUAUUGAGC	0.0015753281595469366
ENST00000009589	472	472	GUCACCAUUGCAGAUGCUUAA	2.930836496994905e-05
ENST00000009589	493	493	GUCAACUAUUUUAAUAAAUUG	0.00197582626338071
ENST00000009589	502	502	UUUAAUAAAUUGAUGACCAGU	0.0005051454418255249
ENST00000022615	836	836	AGGAGUCAAAUUGACUUUAUC	0.005972503452257778
ENST00000022615	1122	1122	UGGAAGUUGUCAUGUUUGUGC	0.008276229294925974
ENST00000196551	722	722	CUGUCUGCCCUUUGGGGCAGU	0.007255903247816959
ENST00000202773	285	285	CAGCCGCUAAAUCCAAGGUUG	8.002664126643058e-05
ENST00000202773	394	394	CAAAAUGCCUAGAUAUUAUCC	3.5242022896397537e-09
ENST00000202773	457	457	ACCCUUCAGUCAGCACGUGAG	6.816582566588307e-05
ENST00000202773	483	483	UGCGAGCCAGCAUUACCCCCG	6.381840780818209e-08
ENST00000202773	566	566	CUGGCUAGUGGCUUAUUACUU	0.000252884888723622
ENST00000202773	611	611	CGAGUUCCUCUACGAAGAACA	1.6404885348963935e-05
ENST00000202773	693	693	AACAUCUUACUGAUGCUUACU	0.00048197812871799296
ENST00000202773	734	734	AAGCCCAGACACCAGGAAGGU	1.4945032893864006e-06
ENST00000202773	749	749	GAAGGUGAGAUCUUCGACACA	8.334705343158589e-06
ENST00000202773	924	924	UGUUCUAAAUGUCUUAAGAAC	4.623060813745379e-05
ENST00000215909	452	452	GGCCAUCAACUACAUGGCAGC	0.00016627014895599223
ENST00000215909	526	526	AUGGCCCCCAAUAAAGGCAGC	0.0012944612444049973
ENST00000216146	265	265	AAGGUGAAGAGCUUCCCUAAG	0.0006757276485221227
ENST00000216146	355	355	CGGGAAGUCGACAGGCCGGGA	0.0006373566362313912
ENST00000216146	370	370	CCGGGAUCCAAGGUGAACAAG	0.00011959314863580808
ENST00000216146	447	447	CAUUGUGGGCUACGUGGAAAC	8.440196754890819e-11
ENST00000216146	460	460	GUGGAAACCCCUCGAGGCCUC	0.0016715757922800614
ENST00000216146	560	560	AGAAGAAGGCCUUUACCAAGU	0.00014312201243090331
ENST00000216146	626	626	AGGACUUCAGCAGCAUGAAGA	0.0007281266309182718
ENST00000216146	703	703	CGCCAGAAGAAGGCCCACCUG	0.0011265288807317036
ENST00000216146	770	770	GGGCCCGCGAGAGGCUUGAGC	0.00046447973911777687
ENST00000216146	859	859	AAAGGCUACAAAGGGGUCACC	0.0007022065163770545
ENST00000216146	919	919	CGAGGCCUGCGCAAGGUGGCC	0.0004919881474348777
ENST00000216146	1026	1026	CAAGAAGAUUUAUAAGAUUGG	0.00013643980540844255
ENST00000216146	1122	1122	CAUCAACCCUCUGGGUGGCUU	0.00040501694137402963
ENST00000216146	1166	1166	AUGACUUUGUCAUGCUGAAAG	4.990698790334532e-06
ENST00000216146	1332	1332	GGAGAAGAAAGCAUUCAUGGG	6.34422810236897e-07
ENST00000216146	1361	1361	AGAAAGACCGAAUUGCAAAGG	0.0006627424885970398
ENST00000216146	1414	1414	CAGUUGGUGGGGUCUCAAUAA	0.0006880090556967697
ENST00000216281	1787	1787	CAUUGAUGAGUACUGUGUCCA	0.006070508686260461
ENST00000220849	155	155	UAAAGGAGAUAUAUAAUGAAA	0.0014111898438018355
ENST00000220849	395	395	GGGAUGGUAGGAUGCUCUUUG	4.228132748217541e-08
ENST00000220849	421	421	CUGGCGGACAAGCAUGGUUUU	0.00024162067428618945
ENST00000220849	486	486	GUACGAAUGUGGGAAUUACUC	0.0011073881474374775
ENST00000220849	515	515	CAGAAUAUCUUUAUUUUUUUA	0.0005284534814782514
ENST00000220849	569	569	UAAGUUCACUCUGGGGAAAGC	1.41055415999792e-11
ENST00000220849	711	711	GCUCAUUCACUGGUCUCUGUU	7.602180167981035e-05
ENST00000220849	754	754	GGUCGCGAUAAUAUUAUUGAC	0.0006231069946703062
ENST00000220849	892	892	CUAAAAGAUCUAGUUAAAGUU	0.0009056879836259713
ENST00000220849	912	912	UAUUCAACAGGAGUCUUACAC	3.709436173404301e-08
ENST00000220849	923	923	AGUCUUACACAUAUAAAGACC	9.466421721982088e-08
ENST00000220849	1001	1001	AAAAGCUGAGGGAAUGUGAAU	4.24539126112307e-05
ENST00000220849	1125	1125	CAGCAUUAACAUGUUGGCAGA	0.0011689052140679626
ENST00000220849	1320	1320	GAUGUUGGCCAUGAAUAUUGA	0.0012912970053097824
ENST00000220849	1370	1370	AGGCUCCUAACUGGGCAACUC	1.5034808725994509e-06
ENST00000222247	65	65	GUGGCGGCGAACGCGGAGAGC	0.00022745153639204687
ENST00000222247	96	96	GGCCUCGGGCACGCUACGAGA	1.9649515747572454e-20
ENST00000222247	120	120	CAAGGUAGUGGGUCGCUGCCU	2.002014891056936e-08
ENST00000222247	150	150	CAAAUGCCACACGCCGCCCCU	0.0003741388081970584
ENST00000222247	166	166	CCCCUCUACCGCAUGCGAAUC	0.00016845801883396145
ENST00000222247	519	519	GCAGUUCCACGACUCCAAGAU	8.020579819894189e-05
ENST00000222247	573	573	UCAGCACAAGCCACGCUUCAC	8.015356637454861e-05
ENST00000225430	140	140	GUUAGACCCCAAUGAGACCAA	0.00025496318602136506
ENST00000225430	285	285	AAGGGCAGGCACAUGGGCAUA	1.5173054443311353e-10
ENST00000225430	354	354	UGGAUGAGGAGAAUGAGGAUU	0.00046535068266239407
ENST00000225430	448	448	AGGUGAAGGGGAAUGUGUUCA	4.112100034890474e-08
ENST00000225430	508	508	AGGCAGACAAGGCCCGCAAGA	0.00028357331893457164
ENST00000225430	603	603	CAGGCCAAGAAGGAGGAGAUC	6.856806402701003e-07
ENST00000225655	797	797	GUCAAGUUUUUACGUGAAUGG	0.0029220751912672816
ENST00000225655	828	828	GGGGGCCAGAAAUGUUCGGUG	0.005140972095202698
ENST00000225698	785	785	GACUGGGCCUUAUAUGACCAC	0.00042028441029563735
ENST00000225698	860	860	GUGGAGCUCAGCACAGCCCUG	0.00044278352356751983
ENST00000225698	977	977	GCUUUGGCCAGUGAACAAAUC	0.0022095949929262604
ENST00000225698	1005	1005	GAAGCUAGACAUGUGCUUUGA	0.003093835676673648
ENST00000228306	335	335	UGGGAGCAGACAAUGUGGGCU	5.531082325064032e-05
ENST00000228306	975	975	CGGGUACAAACGAGUCCUGGC	2.2257942285513767e-05
ENST00000228945	516	516	CAGGCCUGAAAUACGUUCAGC	0.0002937411430083734
ENST00000229239	732	732	CAGGGCUGCUUUUAACUCUGG	4.113790333067292e-06
ENST00000229239	751	751	GGUAAAGUGGAUAUUGUUGCC	0.00017873801821841482
ENST00000229239	803	803	UGGUUUACAUGUUCCAAUAUG	3.2848937330590445e-05
ENST00000229239	932	932	AGUGGGGCGAUGCUGGCGCUG	2.8925216713505104e-07
ENST00000229239	945	945	UGGCGCUGAGUACGUCGUGGA	1.5103331551704106e-08
ENST00000229239	1016	1016	GGGGAGCCAAAAGGGUCAUCA	3.42643427854637e-05
ENST00000229239	1072	1072	AUGGGUGUGAACCAUGAGAAG	8.242979435271375e-09
ENST00000229239	1093	1093	UAUGACAACAGCCUCAAGAUC	0.0004051320977150582
ENST00000229239	1187	1187	UGGAAGGACUCAUGACCACAG	2.131426502826852e-08
ENST00000229239	1666	1666	AUGGCCUCCAAGGAGUAAGAC	0.0003201964175715392
ENST00000230050	247	247	GGUGUAAUGGACGUUAAUACU	0.00032087482395196917
ENST00000230050	290	290	CUGCCCUCAUCCACGAUGGCC	1.2719988426935322e-10
ENST00000230050	304	304	GAUGGCCUAGCACGUGGAAUU	4.669004435831838e-06
ENST00000230050	388	388	GAUGAGCCUAUGUAUGUCAAG	1.2433823492481222e-08
ENST00000230050	413	413	UGGAGGCCCUUUGUGCUGAAC	6.5706042674776035e-06
ENST00000230050	450	450	UAAGGUUGAUGACAACAAGAA	0.000121486941526615
ENST00000230050	483	483	GGUAGGCCUUUGUAAAAUUGA	1.067990333469176e-05
ENST00000230050	505	505	AGAGAGGGGAAACCCCGUAAA	0.0008478360272063512
ENST00000230050	522	522	UAAAGUGGUUGGUUGCAGUUG	0.000816708372242858
ENST00000230050	532	532	GGUUGCAGUUGUGUAGUAGUU	0.0007443510723248054
ENST00000230050	547	547	GUAGUUAAGGACUAUGGCAAG	6.660500294716845e-13
ENST00000230050	564	564	CAAGGAGUCUCAGGCCAAGGA	0.00034317388312847167
ENST00000230050	582	582	GGAUGUCAUUGAAGAGUAUUU	0.00031550624955544576
ENST00000233997	167	167	GCACUUCUGCGGGGGUGCCCU	0.0004270029351621613
ENST00000233997	521	521	CAGGUUUGUCAACGUGACUGU	2.402063455958707e-05
ENST00000233997	642	642	GAGGGCCUGGCCCACGGCGUG	4.396306369257131e-11
ENST00000233997	782	782	CCUGUGACCUCCCAUGGAGCC	0.00043324677589451057
ENST00000234347	147	147	GCGGGCACGAGGCGCAGCCAC	1.0171113389579947e-08
ENST00000234347	169	169	CUCCCGGCCCUACAUGGCCUC	1.882686626011639e-09
ENST00000234347	184	184	GGCCUCCCUGCAGAUGCGGGG	5.885810364899273e-05
ENST00000234347	193	193	GCAGAUGCGGGGGAACCCGGG	3.4832465865095583e-06
ENST00000234347	215	215	AGCCACUUCUGCGGAGGCACC	0.00015250920554862882
ENST00000234347	273	273	GCCUGCGGGACAUACCCCAGC	1.4180740072050042e-08
ENST00000234347	312	312	UCGGAGCCCACAACGUGCGGA	3.0311020268431608e-06
ENST00000234347	327	327	UGCGGACGCAGGAGCCCACCC	0.00017339295574364817
ENST00000234347	365	365	GCUCAGGUGUUUCUGAACAAC	6.824488343444819e-12
ENST00000234347	374	374	UUUCUGAACAACUACGACGCG	0.00026354483322786094
ENST00000234347	399	399	ACAAACUGAACGACGUUCUCC	3.704903388577726e-05
ENST00000234347	461	461	GCCACAGUCCAGCUGCCACAG	0.00035219680235627424
ENST00000234347	472	472	GCUGCCACAGCAGGACCAGCC	0.00015983931344902875
ENST00000234347	519	519	CCAUGGGCUGGGGCCGCGUGG	1.795549604229683e-07
ENST00000234347	534	534	GCGUGGGUGCCCACGACCCCC	7.803017693789884e-06
ENST00000234347	564	564	UCCUGCAGGAGCUCAAUGUCA	8.785980452208263e-06
ENST00000234347	605	605	CGGCCACAUAACAUUUGCACU	4.87992699007191e-16
ENST00000234347	659	659	GGAGACUCAGGUGGCCCCCUG	2.051301155491541e-06
ENST00000234347	668	668	GGUGGCCCCCUGAUCUGUGAU	1.1190981609445008e-05
ENST00000234347	697	697	CCAAGGAAUAGACUCCUUCGU	3.8716525166871435e-06
ENST00000234347	739	739	CCUUUUCCCUGACUUCUUCAC	0.00025523985731461225
ENST00000234347	770	770	CUCUACGUGGACUGGAUCCGU	3.719674545815515e-05
ENST00000234347	782	782	UGGAUCCGUUCCACGCUGCGC	1.2915200911565232e-06
ENST00000234347	815	815	AAGGGCCGCCCCUGAACCGCC	0.00027069950544383355
ENST00000234347	882	882	GAGGCGGAUCUUUGGACAGAA	6.292644057833621e-22
ENST00000234347	893	893	UUGGACAGAAGCAGCUCUUCC	0.00015584851098718523
ENST00000234347	912	912	CCCCGAACACUGUGGCGUCCG	0.00028111592483777816
ENST00000234590	459	459	CUGGGGGUGUCCCUUGCCGUC	1.2605548486618838e-11
ENST00000234590	750	750	GAUGAAGGCGGGUUUGCUCCC	0.0002479329700194421
ENST00000234590	1201	1201	UGGCCCAGGCCAAUGGUUGGG	0.00016771083030141267
ENST00000234590	1646	1646	UGGCCCAAGUCAUUGUUUUUC	3.711646481547181e-06
ENST00000234875	241	241	AGGAGCAAGAGCAAGAUCACC	0.0022699906346163802
ENST00000234875	374	374	GUUACGAAUUACGUUACUUCC	0.0003428895743540355
ENST00000242465	31	31	GAGCUAGACUAAGUUGGUCAU	0.00011577355928164197
ENST00000242465	163	163	GCGCUGCAAUCCAGACAGUAA	9.32022524141248e-05
ENST00000242465	188	188	GCAAACUGCCUUGAAGAAAAA	7.237936344135588e-06
ENST00000242465	214	214	AAUGUUCGAACUACUUCCAGG	1.8200904326369047e-09
ENST00000242465	241	241	CAACAAGAUCCCCCGUCUGAG	9.18337685429446e-06
ENST00000242465	251	251	CCCCGUCUGAGGACUGACCUU	5.668489137130244e-08
ENST00000242465	260	260	AGGACUGACCUUUUUCCAAAG	2.801005552596771e-30
ENST00000242465	284	284	AGAAUCCAGGACUUGAAUCGU	4.231360617828379e-09
ENST00000242465	294	294	ACUUGAAUCGUAUCUUCCCAC	1.73242440205363e-05
ENST00000242465	304	304	UAUCUUCCCACUUUCUGAGGA	5.512923689381503e-05
ENST00000242465	359	359	UCUGGAUCAGGAUCUGGGAGU	5.3250896122692434e-11
ENST00000242465	376	376	GAGUGGCUUCCUAACGGAAAU	3.935208658074372e-07
ENST00000242465	426	426	GUGAUGCUUUCCAUGACAACC	4.011848238052432e-05
ENST00000242465	437	437	CAUGACAACCUUAGGUCUCUU	8.333595145768522e-08
ENST00000242465	450	450	GGUCUCUUGACAGGAAUCUGC	1.0210790889970035e-08
ENST00000242465	476	476	GACAGCCAGGACUUGGGUCAA	4.385636320658304e-36
ENST00000242465	485	485	GACUUGGGUCAACAUGGAUUA	3.0442991303439282e-12
ENST00000242465	513	513	AUUUUAUGUUAUAAAAGAGGA	2.917878073853313e-07
ENST00000242465	560	560	UAGUUAGCAUAUUUUAUGUAC	7.938440566156278e-06
ENST00000242465	643	643	GAAGCUUAAGUUUUAUCAUCC	3.349375404620379e-07
ENST00000242465	654	654	UUUAUCAUCCUUUUUUUUCUC	3.4908345847593865e-10
ENST00000242465	684	684	UAAAGGAUUAUGCUUUAAUGC	6.604222983383691e-16
ENST00000242465	767	767	CAUUAUGAAAUUAAUUAGAUU	4.731522850283614e-06
ENST00000242465	784	784	GAUUCCCAUGGCCAUAAAAUG	4.930666675797046e-10
ENST00000242465	794	794	GCCAUAAAAUGGCUUUAAAGA	2.9956972701561603e-05
ENST00000242465	812	812	AGAAUAUAUAUAUAUUUUUAA	3.289831946925127e-29
ENST00000242465	834	834	GUAGCUUGAGAAGCAAAUUGG	7.818642137457631e-07
ENST00000242465	847	847	CAAAUUGGCAGGUAAUAUUUC	6.164059943841766e-09
ENST00000242465	872	872	CUAAAUUAAGACUCUGACUUG	1.3514022220804433e-05
ENST00000242465	906	906	AAUGAUAUGCCCCUUUUCUUA	1.2197725854980329e-06
ENST00000242465	936	936	AAAAAAAAAUAAUGAAACACA	9.566028882429841e-12
ENST00000242465	964	964	UGUAGAGUGGGGGUAUUUGAC	1.0405074366164402e-12
ENST00000242465	984	984	CAUAUUUUACAGGGUGGAGUG	3.3419884842745688e-06
ENST00000242465	1002	1002	GUGUACUAUAUACUAUUACCU	7.578326594852175e-09
ENST00000242465	1014	1014	CUAUUACCUUUGAAUGUGUUU	5.976867767000938e-07
ENST00000242465	1041	1041	CUAGUGGAUGUGUUUGUCUAC	0.00010765917895091675
ENST00000242465	1055	1055	UGUCUACAAGUAUGAUUGCUG	8.259997447425815e-10
ENST00000242465	1070	1070	UUGCUGUUACAUAACACCCCA	3.957586882391569e-06
ENST00000242465	1080	1080	AUAACACCCCAAAUUAACUCC	6.565711670280725e-08
ENST00000242465	1105	1105	UUAAAACACAGUUGUGCUGUC	9.139840922227661e-08
ENST00000242465	1122	1122	UGUCAAUACCUCAUACUGCUU	4.334419355064329e-07
ENST00000242465	1139	1139	GCUUUACCUUUUUUUCCUGGA	3.244614478733871e-14
ENST00000242465	1166	1166	UGUAUUUUCAAAUGUUACUAU	1.1224754856468682e-06
ENST00000245458	85	85	CAGGGUUCUCGCUCUUGUCGU	0.00014868450257998018
ENST00000245458	252	252	GAAAAACCAUGAUAAUUCUUU	0.0016589536375105649
ENST00000250340	1374	1374	GGGCACCAGGCUAGGUCCGGU	0.004050988189261242
ENST00000251453	76	76	GCCCGCUGCAGUCUGUGCAGG	7.879089365446825e-17
ENST00000251453	178	178	UGGAGAUGAUUGAGCCGCGCA	3.468954065397831e-11
ENST00000251453	188	188	UGAGCCGCGCACGCUACAGUA	6.139424012242732e-10
ENST00000251453	284	284	UGGUGGUCACGUGGCCCAGAU	6.873064966374944e-06
ENST00000251453	320	320	GUCCAUCUCCAAAGCCCUGGU	8.965362397398968e-13
ENST00000251453	351	351	CAGAAAUAUGUGGAUGAGGCU	1.6873634147432118e-08
ENST00000251453	361	361	UGGAUGAGGCUUCCAAGAAGG	9.068678934329145e-05
ENST00000251453	405	405	UAUGACCGGACCCUGCUGGUA	3.0891544930163343e-05
ENST00000251453	435	435	CGUCGCUGCGAGUCCAAAAAG	0.00015402836158550252
ENST00000252818	1235	1235	GGGCUCGCGGGGGGGUGUCGU	2.33627187071102e-06
ENST00000252818	1360	1360	GGGUGCCCAGGACUCGACAAG	0.0019754413573193027
ENST00000252818	1517	1517	GGCUCCGAGGGGGCGCAGCCU	4.757264422208503e-06
ENST00000253452	71	71	GGCGGCAGAAUGUUGGCUACC	0.0022095949929262604
ENST00000253788	64	64	AAUGGGCAAGUUCAUGAAACC	0.002167806924373421
ENST00000253788	280	280	GAAAGUGUAUAACUACAAUCA	0.001092801521348293
ENST00000253788	330	330	UCCCCUUGGACAAAACUGUCG	0.0032883554931567066
ENST00000258091	1626	1626	GUGGGAGCCAGCUAUGGUGCG	0.00013542066675046587
ENST00000260379	107	107	UGAGGCCCUCACUUCAUCCGG	2.7918002205862225e-05
ENST00000260379	214	214	CUCAUUCUGCACGACGAUGAG	3.906040292535792e-06
ENST00000260379	228	228	CGAUGAGGUGACAGUCACGGA	0.0009923607762051883
ENST00000260379	397	397	GCACCAGCAGGAGGUCCUGCC	0.0007882200153766048
ENST00000260379	411	411	UCCUGCCCCCUCCACUGCUGC	9.431443152113522e-05
ENST00000260379	479	479	AGGAGUCUGAUGAUGACAUGG	2.161160759994131e-06
ENST00000261267	183	183	GAUGGCUACAGGGGAAUCAGC	4.730347637584213e-08
ENST00000261267	199	199	UCAGCCUAGCAAACUGGAUGU	8.853896141494978e-06
ENST00000261267	333	333	GGCAAAACCCCAGGAGCAGUU	0.0004159294345391188
ENST00000261267	493	493	UCCGUCAGUAUGUUCAAGGUU	2.0414998631437208e-10
ENST00000261267	735	735	AGAACUAAUACUGGUGAAAAU	7.504741253159114e-05
ENST00000261267	875	875	CCUCCACCUCCCGGGUUCACG	0.0002478127127733524
ENST00000261267	985	985	GGGUUUCACCGUGUUAGCCAG	4.143628589204048e-06
ENST00000261267	1054	1054	AAGUGCUGGGAUUACAGGCGU	7.733553306916359e-05
ENST00000261267	1070	1070	GGCGUGAGCCACUGCGCCCGG	3.221107983403632e-06
ENST00000261267	1121	1121	CAGACUUAAUCUUGAAUGAUA	0.0002050766069508793
ENST00000261267	1224	1224	AUCUGAUGCCUUCAUCUGUUC	0.00019232725084802912
ENST00000261267	1263	1263	UAAAAAUAACCACUUUUUGUU	0.000265363378442384
ENST00000261267	1286	1286	GCAAUAUGAAAUUUUUAAAGG	4.6856161554376525e-06
ENST00000261267	1347	1347	GAAUUUUGAUUUCUUAAAGUG	9.229462556784432e-09
ENST00000261267	1432	1432	GAGGCAGAUGAGCUUACAAGU	0.00034677248672004656
ENST00000261267	1481	1481	UGUGAAGUUAUGCAUGAUGUA	5.643387779301531e-07
ENST00000262030	1600	1600	GCAGGUGAAUAUGACCAUCUC	0.00014412889947804886
ENST00000262030	1626	1626	ACAGGCCUUCUAUAUGGUGGG	3.663128924540278e-05
ENST00000262584	238	238	UCGCCAUGGGCCGUGUGAUCC	2.4030004871134743e-06
ENST00000262584	344	344	CGCUGAGCGGCACGGCUACAU	0.0004925584495588505
ENST00000262584	372	372	AUCGUCAAGGACAUCAUCCAC	0.0006464958118274119
ENST00000262584	401	401	CCGCGGCGCGCCCCUCGCCAA	0.0004189989032585866
ENST00000262584	430	430	UCCGGGAUCCGUAUCGGUUUA	3.4721278375612995e-05
ENST00000262584	491	491	CACGGGCCAGUUUGUGUAUUG	4.566371673126179e-09
ENST00000262584	561	561	AUGCCUGAGGGUACAAUCGUG	5.4742420558452475e-05
ENST00000262584	622	622	CCCGGGCAUCAGGGAACUAUG	0.000785817396848205
ENST00000262584	674	674	GAAGACCCGUGUGAAGCUGCC	0.0007886512474080907
ENST00000262584	745	745	UGGUGGCUGGAGGUGGCCGAA	6.148347116665228e-06
ENST00000262584	757	757	GUGGCCGAAUUGACAAACCCA	4.883393417231192e-05
ENST00000262584	842	842	GGGUGUGGCCAUGAAUCCUGU	7.33145202691728e-37
ENST00000262584	883	883	GCAACCACCAGCACAUCGGCA	1.5608787262716778e-07
ENST00000262584	938	938	CCGCAAAGUGGGUCUCAUUGC	0.0006315495640008588
ENST00000262584	973	973	GACGUCUCCGGGGAACCAAGA	8.738065658946321e-05
ENST00000264258	835	835	AGGAAUAAGGAAUGUGCCAUA	0.0031455057300910226
ENST00000268638	2803	2803	AGAGGACCAGGGGACGUGGCU	0.0008067002828843819
ENST00000270625	83	83	GGCCGGGAAGAUGGCGGACAU	0.000686375040679971
ENST00000270625	286	286	AUGUGUCCAUUCGAGGGCGGA	3.223943833728087e-06
ENST00000272317	346	346	GUGAAAACCCUUACGGGGAAG	0.005563058731891778
ENST00000273550	443	443	GCUGAGAAACUGAUGAAGCUG	0.000396233365869593
ENST00000273550	861	861	GUUGGGGUUUCCUUUACCUUU	0.0011575455049671762
ENST00000274065	104	104	GAACAAGCGCCUUACGAAAGG	1.1345353986247484e-06
ENST00000274065	125	125	CGGCAAAAAGGGAGCCAAGAA	1.1042213020900755e-17
ENST00000274065	172	172	AAGAUUGGUAUGAUGUGAAAG	0.0002266963587383948
ENST00000274065	199	199	CUAUGUUCAAUAUAAGAAAUA	0.00033952970509806536
ENST00000274065	375	375	UGCCUGACUAACUUCCAUGGC	0.0003461059770917605
ENST00000274065	390	390	CAUGGCAUGGAUCUUACCCGU	2.3416733977926e-05
ENST00000274065	446	446	AAUGAUUGAAGCUCACGUUGA	0.00027911184685567946
ENST00000274065	540	540	CGGAAGACCUCUUAUGCUCAG	0.0003733142726270072
ENST00000274065	610	610	GAGAGGUGCAGACAAAUGACU	0.00011595278945064211
ENST00000274065	761	761	AUUGGGAAAGCUCAUGGAGCU	1.2037460575400562e-08
ENST00000274065	788	788	UGAAGGCAGUAGUUCUGGAAA	2.5288225269618707e-08
ENST00000274065	797	797	UAGUUCUGGAAAAGCCACUGG	3.126129701157936e-13
ENST00000274065	831	831	GCUAAAGUUGAACGAGCUGAU	0.0002830164339043875
ENST00000274065	843	843	CGAGCUGAUGGAUAUGAACCA	3.135200931794035e-07
ENST00000274242	287	287	GCAAGAGAAAGUAUAACUGGA	0.005303235622123802
ENST00000274242	329	329	AUACCACCGGAACUGGUCGAA	0.001358599995380501
ENST00000276682	1898	1898	AGAAGUUAACAUGAACUCUUG	0.008874636565676625
ENST00000276689	395	395	AAUGGUGCUUAGAUGACUGGC	0.00023520393097987882
ENST00000276689	617	617	GGGAGCGGCCCAUGUAGAAAG	1.2285569967421553e-07
ENST00000287038	119	119	AGGAAGAUGGUGGCCGCAAAG	6.102521334342739e-05
ENST00000287038	133	133	CGCAAAGAAGACGAAAAAGUC	4.6682793416737764e-05
ENST00000287038	202	202	GUACGUCCUGGGGUACAAGCA	1.2067795306328125e-07
ENST00000287038	211	211	GGGGUACAAGCAGACUCUGAA	0.0002058323868021497
ENST00000287038	306	306	AGUACUAUGCUAUGUUGGCUA	4.940748962662835e-11
ENST00000287038	323	323	GCUAAAACUGGUGUCCAUCAC	0.00010209649504658048
ENST00000287038	353	353	AAUAAUAUUGAACUGGGCACA	3.826038860952572e-06
ENST00000287038	468	468	AGUAAACCUUUUCACCUACAA	6.413895190261236e-06
ENST00000293831	805	805	GGACACACUAUGUGACUUGUA	2.655367724643033e-05
ENST00000293831	848	848	GCAGUCAUCUUCAUCAACACC	0.00168609018199832
ENST00000293831	1313	1313	GGGAGGGAAGGGAGCCAAGGG	0.0011051045434825944
ENST00000294189	71	71	GGCGCUUCGGGAGCCGCGGCU	0.00021901368333106981
ENST00000294189	82	82	AGCCGCGGCUUAUGGUGCAGA	1.9554374790899717e-07
ENST00000294189	136	136	CCAGUCCCGAAAAUGGCACAG	0.00020796295459887468
ENST00000294189	177	177	GAUCACAAAGAUACGAAUCUC	9.24893121021034e-10
ENST00000294189	322	322	GGCCCUCGUAAAGCCCAAGGA	6.030790981895619e-05
ENST00000294189	471	471	CCAAGGCCAAGGCCAAGGCCA	4.6238414799827163e-05
ENST00000294189	602	602	GGACAGAAGGACUGGUGCGAC	1.125956413859654e-05
ENST00000294507	2134	2134	GAGGGAGAAGGCUCUGCAAGA	0.006491322842021139
ENST00000295702	946	946	GGUCUAGGAGGGGCAUUUUGG	7.633088860008073e-06
ENST00000295955	483	483	GCCCAGAAAGAUGAAUUAAUC	0.003821645473730808
ENST00000296417	790	790	GUCUUAACCAUAUUUAAGUGU	2.8351731219393177e-11
ENST00000296674	331	331	AUGAUAAACAGUAUAAGAAAG	0.0006039261642723227
ENST00000296674	528	528	GGUUGCUUGAACUUUAUUGAG	2.8948108498027394e-05
ENST00000296930	1394	1394	CUUGGUUUUAAGUAUGUAUGG	0.008465273564522919
ENST00000298510	131	131	ACUGCAGCCCUCAGGCCUGCU	0.0006177772661522689
ENST00000298510	142	142	CAGGCCUGCUGCAUGUGGAAG	0.0048236533197350395
ENST00000298510	1398	1398	UUAUGUAGUCAUUUUACUUAU	0.002636504389231741
ENST00000298510	1493	1493	UCAAAUCCAGGGAUUGCAUUU	0.0031909960536584078
ENST00000301821	158	158	GAUGUCCUUAAGUUCCUUGCA	4.071006032670054e-05
ENST00000301821	183	183	GAACCCACUUAGGUGGCACCA	3.06186315268846e-07
ENST00000301821	394	394	UGCCACUGGAGCCACUCCAAU	5.500042181171259e-05
ENST00000301821	501	501	GGGCUGACCACCAGCCUCUCA	3.9447439936109696e-07
ENST00000301821	661	661	AGUUCUGCGCAUGCGUGGCAC	6.337993186999186e-05
ENST00000301821	792	792	AGGAAUUUCAGGGUGAAUGGA	1.1037004108827246e-07
ENST00000301821	849	849	AGGUUGCAGACUGGUCUGAAG	4.171233556731422e-05
ENST00000301821	976	976	AUGGGUAGGAGCAACCACUGA	5.940180789908647e-05
ENST00000302182	1162	1162	AAGUUUAGAAAUUACAAGUUU	0.0038382958393784147
ENST00000302907	171	171	GCGGAGCCAACAUGCCAGUGG	6.4985185979687525e-09
ENST00000302907	353	353	CGGGAACUGCUGACGCUUGAU	5.227075232049186e-07
ENST00000302907	688	688	CCCGGGCCGCGUGAAGAGGAA	0.0001674733732564761
ENST00000304921	161	161	CCAGGAGAAAGCCAUGUUCAG	0.0005630437992102343
ENST00000307839	774	774	CACCCGGCCUGAUAAAGCGCG	0.0041209095303430645
ENST00000307839	819	819	AGGUUACGUUAUAUAUAGGAU	7.5077113939274234e-06
ENST00000307961	393	393	UGGAGGCCGAAUGUUUGCACC	0.0018471483925179184
ENST00000307961	539	539	AAGUUCCUGAACUUCCUUUGG	0.003630433881194311
ENST00000307961	1027	1027	AUCCAUCGCAGAGUCCUAAAG	0.004814578539916428
ENST00000307961	1082	1082	AGCUAAACCCAUAUGCAAAGA	0.0016426088232862316
ENST00000307961	1148	1148	UCCGGGUGGAUAAGGCAGCUG	0.0012298676438853517
ENST00000307961	1373	1373	AGCCUGCUGCAUAAACUCUUA	0.00043324677589451057
ENST00000309268	638	638	GAAAAGACUCAUAUCAACAUU	0.00033899330880572003
ENST00000309268	694	694	CACUACUGGCCAUCUGAUCUA	7.212338918992739e-08
ENST00000309268	725	725	GGCAUCGACAAAAGAACCAUU	0.00027911184685567946
ENST00000309268	896	896	AUUGAUGCCCCAGGACACAGA	7.001058881620908e-07
ENST00000309268	940	940	AGGGACAUCUCAGGCUGACUG	1.8901220545508494e-09
ENST00000309268	1034	1034	CAUGCCCUUCUGGCUUACACA	0.00043844337001086575
ENST00000309268	1045	1045	GGCUUACACACUGGGUGUGAA	9.704567798899124e-13
ENST00000309268	1107	1107	CACCCUACAGCCAGAAGAGAU	4.9907586423626416e-08
ENST00000309268	1118	1118	CAGAAGAGAUAUGAGGAAAUU	0.00028282261283640663
ENST00000309268	1181	1181	CCCGACACAGUAGCAUUUGUG	5.266067809518914e-06
ENST00000309268	1215	1215	GGAAUGGUGACAACAUGCUGG	6.436355797524863e-05
ENST00000309268	1254	1254	CUUGGUUCAAGGGAUGGAAAG	8.513765267953437e-05
ENST00000309268	1273	1273	AGUCACCCGUAAGGAUGGCAA	2.407431338161335e-06
ENST00000309268	1313	1313	CUUGAGGCUCUGGACUGCAUC	0.00014114591707680218
ENST00000309268	1401	1401	GUAUUGGUACUGUUCCUGUUG	1.1114999417426365e-10
ENST00000309268	1473	1473	CAGUCAACGUUACAACGGAAG	1.1846023357556349e-06
ENST00000309268	1530	1530	AAGCUCUUCCUGGGGACAAUG	4.776095039350826e-10
ENST00000309268	1543	1543	GGACAAUGUGGGCUUCAAUGU	2.0297161193165947e-07
ENST00000309268	1585	1585	UGUUCGUCGUGGCAACGUUGC	0.00023732350566143775
ENST00000309268	1607	1607	GGUGACAGCAAAAAUGACCCA	1.106990486953866e-08
ENST00000309268	1637	1637	GCAGCUGGCUUCACUGCUCAG	1.2628587482234678e-13
ENST00000309268	1840	1840	GGUUCCUGGCAAGCCCAUGUG	4.706345120422501e-08
ENST00000309268	1858	1858	GUGUGUUGAGAGCUUCUCAGA	1.5402377350115828e-05
ENST00000309268	1881	1881	AUCCACCUUUGGGUCGCUUUG	4.2659414022829735e-06
ENST00000309268	1936	1936	UGUCAUCAAAGCAGUGGACAA	3.712114367332048e-05
ENST00000309268	1965	1965	CUGGAGCUGGCAAGGUCACCA	2.002014891056936e-08
ENST00000309268	1976	1976	AAGGUCACCAAGUCUGCCCAG	0.00030339492968273354
ENST00000309268	1988	1988	UCUGCCCAGAAAGCUCAGAAG	7.625482828951816e-13
ENST00000309268	2012	2012	AAAUGAAUAUUAUCCCUAAUA	1.7287067963497654e-07
ENST00000309268	2035	2035	UGCCACCCCACUCUUAAUCAG	3.7062323910773636e-05
ENST00000309268	2056	2056	UGGUGGAAGAACGGUCUCAGA	1.0993005413973101e-10
ENST00000309268	2065	2065	AACGGUCUCAGAACUGUUUGU	2.4492962744712263e-47
ENST00000309268	2102	2102	AGUUUAGUAGUAAAAGACUGG	3.465045088298467e-05
ENST00000309268	2114	2114	AAAGACUGGUUAAUGAUAACA	3.814807293984405e-31
ENST00000309268	2158	2158	GAAAGGAGAAUGUUUUGUGGA	0.00018926769927922376
ENST00000309268	2180	2180	CACUUUGGUUUUCUUUUUUGC	1.8087980439254602e-05
ENST00000309268	2214	2214	AAGUUAUUAGUUUUUAAAAUC	2.7646586434922717e-23
ENST00000309311	188	188	UGGCAAGUCCACGCUGACAGA	1.0207529381303378e-06
ENST00000309311	695	695	CAUGGGCAACAUCAUGAUCGA	2.018566878194568e-08
ENST00000309311	879	879	UGGGGUGACAGGUACUUUGAC	9.150905443082546e-06
ENST00000309311	903	903	GCCAACGGCAAGUUCAGCAAG	0.00014432464243865252
ENST00000309311	923	923	GUCAGCCACCAGCCCCGAAGG	0.0001749825651918817
ENST00000309311	979	979	UGGACCCCAUCUUCAAGGUGU	0.00015368717945611464
ENST00000309311	1100	1100	CCUGCUGAAGGCUGUGAUGCG	5.493142552135863e-05
ENST00000309311	1232	1232	CGACGAGGCUGCCAUGGGCAU	0.00017337089352674232
ENST00000309311	1270	1270	AAGGCCCUCUUAUGAUGUAUA	7.574654915047358e-05
ENST00000309311	1353	1353	GGGCUGGUCUCCACUGGCCUG	7.549191107949901e-08
ENST00000309311	1374	1374	AAGGUCAGGAUCAUGGGGCCC	1.108425303085092e-11
ENST00000309311	1456	1456	UGAUGGGCCGCUACGUGGAGC	2.058356250866076e-14
ENST00000309311	1567	1567	ACGCGCACAACAUGCGGGUGA	1.3097174143318199e-06
ENST00000309311	1591	1591	AGUUCAGCGUCAGCCCUGUUG	2.4543769168009363e-08
ENST00000309311	1682	1682	CAAGUCCGACCCCAUGGUGCA	8.031704969914186e-32
ENST00000309311	1852	1852	AAGAGUCGAACGUGCUCUGCC	1.8838304555448984e-05
ENST00000309311	1895	1895	CAACCGGCUGUACAUGAAGGC	1.0854087700874119e-07
ENST00000309311	1942	1942	AGGACAUCGAUAAAGGCGAGG	5.410570700488591e-12
ENST00000309311	2003	2003	GGCCGAGAAGUACGAGUGGGA	1.558668503322705e-20
ENST00000309311	2153	2153	GGCCACCAAGGAGGGCGCACU	4.011752914414488e-06
ENST00000309311	2166	2166	GGCGCACUGUGUGAGGAGAAC	6.891243076456737e-13
ENST00000309311	2177	2177	UGAGGAGAACAUGCGGGGUGU	1.2553382903823495e-13
ENST00000309311	2199	2199	CGCUUCGACGUCCACGACGUC	5.170594375156648e-06
ENST00000309311	2239	2239	UCCACCGCGGAGGGGGCCAGA	6.001783302023218e-05
ENST00000309311	2260	2260	UCAUCCCCACAGCACGGCGCU	1.9637835137273653e-09
ENST00000309311	2304	2304	GCCCAGCCACGCCUCAUGGAG	1.4176068622540288e-09
ENST00000309311	2396	2396	GCGGGGCCACGUGUUCGAGGA	4.018175573658076e-14
ENST00000309311	2429	2429	CGGCACCCCCAUGUUUGUGGU	6.422705765675879e-06
ENST00000309311	2508	2508	ACGGGCGGCCAGGCGUUCCCC	2.5175288471387767e-10
ENST00000309311	2523	2523	UUCCCCCAGUGUGUGUUUGAC	4.7266263934149565e-14
ENST00000309311	2562	2562	GGAGACCCCUUCGACAACAGC	1.7068247789319885e-05
ENST00000309311	2582	2582	CAGCCGCCCCAGCCAGGUGGU	1.399945258622941e-07
ENST00000309311	2626	2626	GCCUGAAAGAAGGCAUCCCUG	9.353644651737556e-06
ENST00000309311	2651	2651	GGACAACUUCCUGGACAAAUU	8.273062740576954e-05
ENST00000309311	2662	2662	UGGACAAAUUGUAGGCGGCCC	1.7769836345793153e-05
ENST00000309311	2674	2674	AGGCGGCCCUUCCUGCAGCGC	6.210971888906754e-07
ENST00000309311	2696	2696	UGCCGCCCCGGGGACUCGCAG	2.835549656297635e-09
ENST00000309311	2706	2706	GGGACUCGCAGCACCCACAGC	1.8069329669370605e-05
ENST00000309311	2750	2750	GACACCUGGAGACUGUCCCGA	3.79464493457454e-05
ENST00000309311	2761	2761	ACUGUCCCGACACAGCGACGC	4.166720297066173e-05
ENST00000309311	2808	2808	UGCGUGCCAUCACUCAACCAU	3.629139873850629e-05
ENST00000309311	2817	2817	UCACUCAACCAUAACACUUGA	1.688170102813544e-05
ENST00000309311	2840	2840	CCGUUUCUUUCAAUAUUUAUU	6.236500306334931e-10
ENST00000309311	2868	2868	UCCGGAGGCAGCAGACACGCC	8.179443445335761e-07
ENST00000309311	2888	2888	CCUCUUAGUAGGGACUUAAUG	1.3910638317443231e-08
ENST00000309311	2914	2914	GUCGGGGAGGGGGAGGCGGGA	4.238609744916789e-13
ENST00000309311	2930	2930	CGGGAUGGGACACCCAACACU	2.1435339576965004e-05
ENST00000309311	2969	2969	GGAAACUCAGAUGUCCAAACU	2.6076922943138437e-06
ENST00000309311	3015	3015	UUAUUUGGGUACAUGGCCCGC	2.8910223908624004e-31
ENST00000309311	3039	3039	GGCUUUUGCCCCAGAAAGGGG	9.38531719640074e-10
ENST00000309311	3053	3053	AAAGGGGAAAGGAACACGCGG	7.518885267378331e-08
ENST00000309311	3072	3072	GGGUAGAUGAUUUCUAGCAGG	5.890556601776095e-19
ENST00000309311	3088	3088	GCAGGCAGGAAGUCCUGUGCG	7.574332377360486e-06
ENST00000309311	3101	3101	CCUGUGCGGUGUCACCAUGAG	3.648902903909472e-10
ENST00000309311	3111	3111	GUCACCAUGAGCACCUCCAGC	3.096630296671877e-07
ENST00000309311	3143	3143	CAUUGGAAUAAUAAAUUUGAU	2.256573821648324e-17
ENST00000311528	145	145	GCGCGUGGCCACGUGGUUCAA	3.1185126925197986e-05
ENST00000311528	321	321	AGGAGCUCAGGGUGGCCGGCA	9.81459898092305e-05
ENST00000311528	484	484	CCCCAAGAAGGGAGACAGUUC	0.004178328711404726
ENST00000311549	325	325	AGGCACCCGAUAUAUGUUCUC	0.0001149935923219814
ENST00000311549	363	363	AUGGAGUUGUUCCUUUGGCCA	0.00024630539398164857
ENST00000311549	377	377	UUGGCCACAUAUAUGCGAAUC	4.519492064126458e-07
ENST00000311549	597	597	AGAGCCGAGAUAGCUUCCUGA	0.0006421341781264674
ENST00000311549	607	607	UAGCUUCCUGAAACGUGUGAA	3.668141343527009e-05
ENST00000314133	183	183	AAGCUUGGGAUCAUGGAAUUG	0.006125611253129834
ENST00000314138	503	503	GGCCGCGGUAAUGCUGGUGGU	0.0005880128049244259
ENST00000315717	1030	1030	CGAGAAAAAAGAAAUGAAAAC	0.005710720744390748
ENST00000316084	467	467	AGGCCAAGUACAAGUUGUGCA	0.0027290093222661943
ENST00000316084	617	617	AGAUUACUGAUUUCAUCAAGU	0.002709655334465589
ENST00000316084	842	842	GUAUCCGCCUCACCAUUGCUG	0.0015114826137200658
ENST00000316084	917	917	UGGGUGACAUGUCAGAUCUUU	0.0006113328685045704
ENST00000316084	930	930	AGAUCUUUGUACGUAAUUAAA	0.0026257179515025986
ENST00000316292	1914	1914	GGGGACAAUGUGGGCUUCAAU	9.814700301594917e-06
ENST00000316292	2216	2216	UCCUGGCAAGCCCAUGUGUGU	6.011155973048064e-07
ENST00000316292	2338	2338	CUGGAGCUGGCAAGGUCACCA	0.0004389662062395562
ENST00000316292	2361	2361	UCUGCCCAGAAAGCUCAGAAG	5.426034002989347e-05
ENST00000316292	2440	2440	CGGUCUCAGAACUGUUUGUUU	6.2515596335932005e-25
ENST00000316292	2487	2487	AAAGACUGGUUAAUGAUAACA	3.228260252150588e-16
ENST00000316292	2531	2531	GAAAGGAGAAUGUUUUGUGGA	0.0005079380659632246
ENST00000316292	2557	2557	UUGGUUUUCUUUUUUGCGUGU	7.952873771357034e-05
ENST00000317881	483	483	GGUGGUGCCGCAGGGGCCACA	8.590829419246223e-08
ENST00000317881	1064	1064	UAUUAUAUAACAUAUCUUGAG	0.00016523830925565603
ENST00000318607	964	964	AGUGGAUCGACCCCGUUCUGC	0.0002560883040831709
ENST00000318607	1760	1760	AAGGAUCUCUUUGGCAAGUUU	0.0005127566786742613
ENST00000318607	2016	2016	GUGUUAAUCUUUAUGUGAAAA	1.0644502250730604e-10
ENST00000318607	2240	2240	GCUCAGCGCAAAGAAGAGCGC	2.6541181994464537e-07
ENST00000318607	2438	2438	AGUCCUCGCUGGACUGCUCAG	3.0618908245302448e-06
ENST00000318607	2541	2541	CAGCUUCUUCACAGGUUCCAC	3.764439156823696e-05
ENST00000318607	2555	2555	GUUCCACGAGUCAUGUCAACA	0.00020027109737036616
ENST00000318607	2594	2594	UCAACACAGACAAUGGGUCCA	2.1182227601481334e-05
ENST00000318607	2658	2658	CCGUUCCACAGUAUAAAUAUG	0.00018518164211086803
ENST00000318607	2699	2699	CAGCAACAUCUUAAUGCACAG	0.00020972931508571798
ENST00000318607	2719	2719	GCCACAAGUUACAAUGCAACA	3.2079640257733545e-06
ENST00000318607	2770	2770	UUUGACUGCUUCCAUGUUGGC	0.0009423865924944512
ENST00000318607	2873	2873	GGUAAAAUCACUGGCAUGUUG	0.00022559717894797147
ENST00000318607	2892	2892	UGUUGGAGAUUGAUAAUUCAG	1.8961083803846218e-05
ENST00000318607	2912	2912	GAACUUCUUCAUAUGCUCGAG	2.956630290081224e-11
ENST00000318607	2931	2931	AGUCUCCAGAGUCACUCCGUU	2.09301080070884e-05
ENST00000318607	2972	2972	GCUGUACUACAAGCCCACCAA	9.812286732984292e-05
ENST00000318607	3009	3009	AGAAAGCAGUUAACAGUGCCA	0.00021208840565665896
ENST00000318607	3019	3019	UAACAGUGCCACCGGUGUUCC	0.0008896933266641453
ENST00000318607	3113	3113	AAACUUAAAUAUUAUGGAAAA	8.91372634834063e-05
ENST00000318607	3137	3137	ACAUUGCAAAAUAUAAAAUAA	1.5250964022502835e-05
ENST00000318607	3166	3166	AGGAAAGGAAACUUUGAACCU	0.00015290870445346685
ENST00000318607	3216	3216	AACAUAAUGCUAGUCCUAGAU	0.00029686550948005764
ENST00000318607	3311	3311	UGGGAAAAAGAAUUUUCAGCA	0.0005440953986353483
ENST00000318607	3348	3348	AGCAUUCCUUUCUUUAAUUUU	0.0007738925328395682
ENST00000318607	3460	3460	AAAUUCUUGCUUUAAUAAAAA	2.7147489471671656e-05
ENST00000319248	215	215	GAUGGUCAGUUUAAAGAUAUC	0.0017648603233234878
ENST00000321153	353	353	AGGUCGCACGCGUGAGACUUC	0.00026514545446993493
ENST00000321153	498	498	UCGAGGCGGACGACGACCGGC	0.0006605856740499385
ENST00000321153	525	525	AGGUUAUCAGUGAGCUGAAUG	0.0003565052301706265
ENST00000321153	606	606	GUGGGGCUGUAGCCGUCUCUG	0.000612947724247942
ENST00000321153	711	711	AAGAGUCAGAUGAUGACAUGG	0.0001863750354794661
ENST00000321358	532	532	UGGUGGUGUUCCAGUUCAAGG	8.478984226003482e-05
ENST00000321358	601	601	UAGGGGUCCUCCACGCAAUUA	4.4370635238223186e-05
ENST00000321358	705	705	GGCCCUACCGCAGGCGAAGGU	1.0801861517172109e-06
ENST00000321358	727	727	CCCACCUUACUACAUGCGGAG	1.0520168548148995e-06
ENST00000321358	788	788	CAGGGAGAAGUGAUGGAGGGU	7.334377377133385e-06
ENST00000321358	865	865	GGGAUAUAGACCACGAUUCCG	7.801898610239406e-08
ENST00000321358	992	992	CGCCGCAACUUCAAUUACCGA	1.5851246212562e-08
ENST00000321358	1167	1167	ACAAGAAGAAAUAUGAAAUUC	2.9271136518651647e-05
ENST00000321358	1229	1229	AAGUGCUUGCUUUUUGCCCGU	0.00010631863183570459
ENST00000321358	1256	1256	GAUAAAUAGAACUAUCUGCAU	1.821418137332075e-10
ENST00000321358	1390	1390	UUAAAUUGUUUCAUAUCUGGU	1.6730218951871893e-05
ENST00000321358	1455	1455	GUUUACAACUUGAUUUUUUCA	2.625105623548952e-07
ENST00000321394	1515	1515	GUUCCCGGUGGGGGUGCUGUA	0.0012693716473704561
ENST00000322203	266	266	CUAAGGCCGUGGAUAUCCCCC	2.1316642303836974e-07
ENST00000322203	346	346	GCCAAGAAGUAUGAUGCGUUU	3.2242055089018707e-25
ENST00000322203	429	429	AGGAAAGUUCCCUUCCCUGCU	4.274305825226242e-09
ENST00000322203	557	557	UGACAGACGAUGAGCUUGUGU	1.4180740072050042e-08
ENST00000322203	570	570	GCUUGUGUAUAACAUUCACCU	7.405372400820355e-05
ENST00000322203	637	637	GUCCGGGCCUUAUAUAUCAAG	3.283731158945476e-14
ENST00000323274	1410	1410	UUGGUGAAUUUCACAAGCUAU	0.008524396010549126
ENST00000323345	63	63	GGGAAAGAAGGUGGCUCCGGC	4.092969015102752e-05
ENST00000323345	75	75	GGCUCCGGCCCCAGCUGUCGU	4.735476145625848e-05
ENST00000323345	193	193	ACCCGCUUUGUGAAAUGGCCC	5.694128894187509e-05
ENST00000323345	208	208	UGGCCCCGCUAUAUCAGGUUG	1.556330301832151e-06
ENST00000323345	224	224	GGUUGCAGCGGCAGAGAGCCA	3.1217380101737604e-05
ENST00000323345	239	239	GAGCCAUCCUCUAUAAGCGGC	4.1609119864353134e-06
ENST00000323345	312	312	AGCUACUCAGCUGCUUAAGCU	4.810342473952423e-05
ENST00000323345	418	418	GACGUCCCAACGAAGAGACCA	6.086357361058311e-07
ENST00000323345	505	505	GUGAUUGCACACGACGUGGAU	5.060377549247744e-08
ENST00000323345	561	561	UCGUAAAAUGGGGGUCCCUUA	5.117237832638741e-09
ENST00000323345	571	571	GGGGUCCCUUACUGCAUUAUC	1.547210999995567e-05
ENST00000323345	609	609	GGGACGUCUAGUCCACAGGAA	8.076818636935452e-06
ENST00000323345	666	666	GGAAGACAAAGGCGCUUUGGC	0.00010209649504658048
ENST00000323345	703	703	AUCAGGACCAAUUACAAUGAC	1.1089630588546142e-20
ENST00000323345	739	739	CGCCGUCACUGGGGUGGCAAU	2.5897399632811065e-05
ENST00000323345	749	749	GGGGUGGCAAUGUCCUGGGUC	9.54684316743644e-05
ENST00000323345	773	773	AGUCUGUGGCUCGUAUCGCCA	0.00019414340879960802
ENST00000323345	808	808	AAGGCUAAAGAACUUGCCACU	1.5803339759760288e-09
ENST00000326199	152	152	AAGGAGGGAGUCAUGGUGGCC	0.000616830408446599
ENST00000326199	174	174	AGAAGGAUGUCCACAUGCCUA	5.259142160369291e-06
ENST00000326199	423	423	AAGGUCUGGAGGGUGAGCGAC	5.997818204868875e-05
ENST00000326199	543	543	CAACCGAAUUCCAGUUUAGAG	0.0004595124194733332
ENST00000326739	1187	1187	GGGGCCUCCACAGUCAUGAUG	8.88805842907713e-06
ENST00000326739	1480	1480	CCAAGUCCGAGCCAUGAUGUA	7.286449390182707e-05
ENST00000327892	853	853	GUCGAGCCCUACAAUGCCACC	7.364390188909334e-05
ENST00000327892	1167	1167	CACAGUGCCGGAACUCACCCA	0.0007548554793210888
ENST00000327892	1633	1633	GCCGAAGAGGAGGCCUAAGGC	0.00012388934939351417
ENST00000327892	2327	2327	AGGGGGUUGGGAGGGGGGAAA	0.0011421320265336914
ENST00000329251	152	152	GACCCUGUACACGUAUCCUGA	0.00027804412580278623
ENST00000329251	242	242	ACCACCCCACUUCCAUUUUGG	0.0016128727015041519
ENST00000329251	538	538	AGGAAGUGAGGCGAAUUCUGG	0.00012954036389118943
ENST00000329251	599	599	GGGCGAACGAGUGACAUUGGC	0.0009921588019669047
ENST00000329251	757	757	AAGUGAAACUGUGUGAGAAGA	0.0006715191363253254
ENST00000329251	837	837	AAAGAGAAGGGUUCACGGGAA	0.00045413107273338293
ENST00000329251	922	922	AGGAGAUGGAUGAAUGUGAGC	0.0002604501290894738
ENST00000329251	1119	1119	CGCUUCCCUGAAGAACUCACU	0.0015125155459301467
ENST00000329251	1264	1264	GGGUCUUCCGAGGCCAGGAGC	4.5096880629738435e-07
ENST00000329251	1274	1274	AGGCCAGGAGCUUGCCUUUCC	0.0011270280629982574
ENST00000329251	1312	1312	AGGUGGACUACGAGUCAUACA	1.5367731164201941e-06
ENST00000329251	1404	1404	GCCUUCCAGCAUGUGGGCAAA	6.497651261082775e-05
ENST00000330261	22	22	GGACCGGAUACAUUAUUAACC	9.890077585530634e-09
ENST00000330261	222	222	CAGGUGGGGCGCUUCAUCCGG	2.2569142626219212e-05
ENST00000330261	409	409	AUGGGUACCCUGACAUAGCCA	4.3057141178686847e-07
ENST00000330261	522	522	GUGGAGCUCUUCAAAGGGACC	3.0399785416494865e-10
ENST00000330261	536	536	AGGGACCACGAUGGACUGAGC	4.848732827683782e-22
ENST00000330261	617	617	CAUGGGCCAGCACGUGCCCCA	1.931362426171164e-06
ENST00000331483	2203	2203	AGGGACGGAGCCGGACUGGAC	0.0016840742997234538
ENST00000331523	1693	1693	CGGUCUCAGAACUGUUUGUUU	0.005247376656473001
ENST00000331523	1744	1744	ACUGGUUAAUGAUAACAAUGC	0.005558348821406853
ENST00000331789	238	238	GGCUCCGGCAUGUGCAAGGCC	3.200051550997885e-05
ENST00000331789	488	488	UGGCUCCCGAGGAGCACCCCG	9.073882902819978e-09
ENST00000331789	521	521	AGGCCCCCCUGAACCCCAAGG	3.1982799003888944e-05
ENST00000331789	582	582	CAACACCCCAGCCAUGUACGU	0.0001405852245099157
ENST00000331789	648	648	UGGCAUCGUGAUGGACUCCGG	7.805065535670848e-11
ENST00000331789	795	795	CAGCUUCACCACCACGGCCGA	1.3314398884556412e-05
ENST00000331789	911	911	AGAAGAGCUACGAGCUGCCUG	3.981018000629656e-06
ENST00000331789	976	976	GAGGCACUCUUCCAGCCUUCC	1.378901839001362e-06
ENST00000331789	1162	1162	GCACCCAGCACAAUGAAGAUC	3.488889857600421e-06
ENST00000331789	1282	1282	GAGUAUGACGAGUCCGGCCCC	0.0002129315879808304
ENST00000331789	1294	1294	UCCGGCCCCUCCAUCGUCCAC	1.6097634875846512e-06
ENST00000331789	1307	1307	UCGUCCACCGCAAAUGCUUCU	4.1129294881996236e-08
ENST00000331789	1324	1324	UUCUAGGCGGACUAUGACUUA	9.779806251462394e-05
ENST00000331789	1333	1333	GACUAUGACUUAGUUGCGUUA	6.14370161538388e-05
ENST00000331789	1385	1385	GAAAACAAGAUGAGAUUGGCA	9.765486407201444e-05
ENST00000331789	1463	1463	CAGGAUUUAAAAACUGGAACG	2.898603687755058e-05
ENST00000331789	1523	1523	AAGUUCACAAUGUGGCCGAGG	3.3418701977549163e-06
ENST00000331789	1533	1533	UGUGGCCGAGGACUUUGAUUG	8.594147701994152e-10
ENST00000331789	1543	1543	GACUUUGAUUGCACAUUGUUG	0.0003481956928146244
ENST00000331789	1603	1603	CAGGAAGUCCCUUGCCAUCCU	2.240563801547883e-09
ENST00000331789	1619	1619	AUCCUAAAAGCCACCCCACUU	0.00034083711277576077
ENST00000331789	1682	1682	GGGGAGGUGAUAGCAUUGCUU	1.0644502250730604e-10
ENST00000331789	1771	1771	UGAAUGAUGAGCCUUCGUGCC	0.00037747487896094703
ENST00000331825	47	47	UUGCUUCAACAGUGUUUGGAC	2.5680540250757307e-08
ENST00000331825	70	70	AACAGAUCCGGGGACUCUCUU	1.0742608757684893e-05
ENST00000331825	227	227	AGAUUCGUCAGAAUUAUUCCA	0.00011356930955355301
ENST00000331825	253	253	GUGGAGGCAGCCGUCAACAGC	0.00018186184797769532
ENST00000331825	277	277	GUCAAUUUGUACCUGCAGGCC	9.422832714888241e-05
ENST00000331825	317	317	UGGGCUUCUAUUUCGACCGCG	3.8770628122717886e-10
ENST00000331825	344	344	UGGCUCUGGAAGGCGUGAGCC	3.436845214752356e-07
ENST00000331825	379	379	UUGGCCGAGGAGAAGCGCGAG	7.135590230961674e-07
ENST00000331825	391	391	AAGCGCGAGGGCUACGAGCGU	2.234414181430066e-11
ENST00000331825	410	410	GUCUCCUGAAGAUGCAAAACC	1.0730023058915489e-09
ENST00000331825	422	422	UGCAAAACCAGCGUGGCGGCC	6.695539821856137e-05
ENST00000331825	468	468	GCCAGCUGAAGAUGAGUGGGG	1.1749069384107197e-07
ENST00000331825	502	502	GCCAUGAAAGCUGCCAUGGCC	5.00310596556854e-05
ENST00000331825	584	584	ACCCCCAUCUCUGUGACUUCC	0.0001040814304305253
ENST00000331825	627	627	GGAAGUGAAGCUUAUCAAGAA	1.1606774052070886e-06
ENST00000331825	636	636	GCUUAUCAAGAAGAUGGGUGA	6.631052464226626e-05
ENST00000331825	654	654	UGACCACCUGACCAACCUCCA	0.0001749825651918817
ENST00000331825	682	682	GGUGGCCCGGAGGCUGGGCUG	1.3404504348597558e-08
ENST00000331825	698	698	GGCUGGGCGAGUAUCUCUUCG	3.721276447909274e-11
ENST00000331825	723	723	GCUCACUCUCAAGCACGACUA	2.8309013482466253e-14
ENST00000331825	736	736	CACGACUAAGAGCCUUCUGAG	3.169965565408262e-05
ENST00000331825	755	755	AGCCCAGCGACUUCUGAAGGG	7.475712312838498e-06
ENST00000331825	767	767	UCUGAAGGGCCCCUUGCAAAG	2.01739336280068e-07
ENST00000331825	788	788	UAAUAGGGCUUCUGCCUAAGC	1.0103624056978466e-05
ENST00000331825	820	820	GCCAAUAGGCAGCUUUCUUAA	1.2330642664371903e-11
ENST00000331825	829	829	CAGCUUUCUUAACUAUCCUAA	1.250736758652617e-07
ENST00000331925	946	946	CGGAGGCGCUGUUCCAGCCUU	6.423171335697858e-05
ENST00000331925	1456	1456	GGAUUGUAGAACUUGUUGCUG	0.0009669769534477816
ENST00000331925	1693	1693	GAUUUCUCUAGAGGCUGGCAA	3.904570437981857e-06
ENST00000331925	1707	1707	CUGGCAAGAACCAGUUGUUUU	2.4650823223405555e-06
ENST00000331925	1956	1956	UGAGAACAUUAGGCCCCAGCA	0.0007548802444807521
ENST00000331925	1965	1965	UAGGCCCCAGCAACACGUCAU	6.315693556555042e-05
ENST00000331925	1984	1984	AUUGUGUAAGGAAAAAUAAAA	1.3858304104145654e-05
ENST00000334828	1232	1232	ACUUUGGGGAGGAACCAUGCU	0.005882535876444925
ENST00000335895	312	312	UAGGGGUAAACAAUAUCUCUG	0.00030522685948169016
ENST00000335895	453	453	AGCUGACAGAAAUGCUACCCA	0.0006047425268588539
ENST00000335895	691	691	GGAGCUGCUAUUUUAUAUUAU	0.001830837160133954
ENST00000336023	97	97	UAGCCACUAUGCGUGAGUGCA	0.00012631314832653272
ENST00000336023	484	484	ACCAGUGCACCGGUCUUCAGG	0.0005247113217126467
ENST00000336023	524	524	CUUUGGUGGGGGAACUGGUUC	3.2904103338165995e-05
ENST00000336023	534	534	GGAACUGGUUCUGGGUUCACC	2.2220849949947545e-08
ENST00000336023	905	905	CCCUCUGGCCACAUAUGCCCC	1.132479893892712e-10
ENST00000336023	999	999	GCCAACCAGAUGGUGAAAUGU	0.00012631314832653272
ENST00000336023	1353	1353	GAGUUUUCAGAGGCCCGUGAA	2.293763607379331e-05
ENST00000336023	1566	1566	AUCAUGUCUUUUCCAUGUGUA	1.0268385243645714e-07
ENST00000337554	698	698	GGUGGCCGUCACGCUUUCAUG	0.0014497515568445169
ENST00000337554	779	779	GGCCCCACCUGAGCCCCCACC	0.009603486709882264
ENST00000338825	338	338	GGACUACAGCACGACCCCCGG	0.004089170321458831
ENST00000343262	65	65	AAAUGGCGGAUGACGCCGGUG	1.0206408037360609e-05
ENST00000343262	82	82	GGUGCAGCGGGGGGGCCCGGG	3.172770759874879e-05
ENST00000343262	91	91	GGGGGGCCCGGGGGCCCUGGU	2.002014891056936e-08
ENST00000343262	110	110	GUGGCCCUGGGAUGGGGAACC	1.129389507732503e-08
ENST00000343262	173	173	GGGGUCGCGGCCGUGGACGGG	4.6587362831457675e-05
ENST00000343262	194	194	GCCGGGGCCGAGGCCGCGGAG	7.941412095498222e-07
ENST00000343262	203	203	GAGGCCGCGGAGCUCGCGGAG	1.9268652700599804e-07
ENST00000343262	271	271	UUGGUCAAGGACAUGAAGAUC	6.666505818925681e-60
ENST00000343262	333	333	GGAAUCAGAGAUCAUUGAUUU	0.00012453359573265642
ENST00000343262	357	357	CCUGGGGGCCUCUCUCAAGGA	7.587908026845991e-10
ENST00000343262	374	374	AGGAUGAGGUUUUGAAGAUUA	1.3930267491400073e-05
ENST00000343262	404	404	AGAAGCAGACCCGUGCCGGCC	3.2794051402241333e-06
ENST00000343262	423	423	CCAGCGCACCAGGUUCAAGGC	1.0694407102422488e-08
ENST00000343262	450	450	UGCUAUCGGGGACUACAAUGG	9.870737581215873e-08
ENST00000343262	478	478	GGUCUGGGUGUUAAGUGCUCC	2.2255751060630332e-07
ENST00000343262	534	534	CCUGGCCAAGCUCUCCAUCGU	8.147553317811552e-06
ENST00000343262	562	562	CGCAGAGGCUACUGGGGGAAC	4.0715317211519437e-07
ENST00000343262	614	614	AGGUGACAGGCCGCUGCGGCU	3.0084002905194757e-05
ENST00000343262	697	697	AAGAAGCUGCUCAUGAUGGCU	5.179863955003148e-05
ENST00000343262	719	719	GUAUCGAUGACUGCUACACCU	2.530323765236329e-05
ENST00000343262	729	729	CUGCUACACCUCAGCCCGGGG	5.932477445823117e-10
ENST00000343262	758	758	CCACCCUGGGCAACUUCGCCA	1.0833503062702687e-05
ENST00000343262	768	768	CAACUUCGCCAAGGCCACCUU	3.919223304444754e-05
ENST00000343262	836	836	AGGAGACUGUAUUCACCAAGU	2.101119024511889e-20
ENST00000343262	861	861	CUAUCAGGAGUUCACUGACCA	2.255042877216961e-07
ENST00000343262	892	892	ACCCACACCAGAGUCUCCGUG	1.975173632828386e-05
ENST00000343262	923	923	AGGCUCCAGCUGUGGCUACAA	3.268541942686981e-07
ENST00000343262	938	938	CUACAACAUAGGGUUUUUAUA	1.0348088820815795e-21
ENST00000343262	947	947	AGGGUUUUUAUACAAGAAAAA	2.3654021025358026e-06
ENST00000343986	86	86	UGCCGCGGAAAUGCUCCGCUA	0.0021053742000923725
ENST00000343986	195	195	GUUUAAAACUUAUGCUAUCUG	0.002829546318763264
ENST00000343986	237	237	UGAGUCAGAUGAUUCCAUUCU	0.0003848574921809017
ENST00000343986	279	279	CAUCGUCUCAAAGAACUUUUG	0.0009235199662621963
ENST00000343986	288	288	AAAGAACUUUUGACUGGAGAG	8.419971795478793e-08
ENST00000344063	719	719	UGAGCCCAAUAACUUGAAGGC	3.127840417700579e-05
ENST00000347512	302	302	CGAGCGGCGCGCCAUGGAGUU	0.0012609252956773047
ENST00000348462	72	72	AGGCUCGAGAUCUUCGCGGGA	0.00048197812871799296
ENST00000348462	170	170	GGCGGUGCGGCCUCCAAGCUC	0.001070715792803405
ENST00000348462	311	311	CCUAAGAAGACACGUGCCAUG	0.0005576321154016447
ENST00000350669	317	317	CUUAUUUCUUCAGACACCUAA	0.00220839793163774
ENST00000350669	527	527	AGUGGACAUUCUUACGUAUGU	2.77640040464673e-07
ENST00000350669	969	969	GUCUUCCUGAGCCUUCCAUGU	0.00022301398854520567
ENST00000350669	1001	1001	CCGGGGAUUAACCAGCGUUAU	0.0003326246917168993
ENST00000350669	1033	1033	UAAAGGAUGAUGAGGUUGCUC	5.973527645668396e-05
ENST00000350669	1062	1062	AAAAGUGCAGAUACCCUGUGG	0.000498116984564842
ENST00000350669	1238	1238	AGAAUCAAAGCCUAUGCUUGG	0.00011219998821951464
ENST00000352480	712	712	CAGGACCCAGCCAAAGCCCCC	0.0013622927178708554
ENST00000352480	1199	1199	AGCUGGUGAGCAUGAACGUGC	0.000229707612818906
ENST00000352480	1290	1290	UCGUCUCCAGAGCAAGGUCAC	0.003029692442714557
ENST00000352983	289	289	UGGAACCAUGGAGGGUGUAGA	0.00010198522427832195
ENST00000352983	404	404	UUUGCCCAAAAGAUGCUUCGA	9.154211665543936e-07
ENST00000352983	430	430	AAGGAGGAAGCUUAUCUAUGA	4.784988922742538e-05
ENST00000352983	472	472	GGAAUAUAGGCAGAUGUACAG	3.999279142263828e-08
ENST00000352983	573	573	UCAGAAUCAGAGGUAUCAAUG	0.00012932098909119275
ENST00000352983	636	636	UUCGUCAAAUCUUCAAUGGAA	4.437417433500698e-05
ENST00000352983	699	699	UUGUAGAGCCAUAUAUUGCAU	2.1711381031310785e-08
ENST00000352983	857	857	GAGGAUUUGAUUCAUGAGAUC	2.939730387458245e-13
ENST00000352983	887	887	GGAAAACGCUUCAAAGAGGCA	0.00017775664105725716
ENST00000352983	899	899	AAAGAGGCAAAUAACUUCCUG	7.859269852700713e-05
ENST00000352983	917	917	CUGUGGCCCUUCAAAUUGUCU	4.3109033714499195e-06
ENST00000352983	926	926	UUCAAAUUGUCUUCUCCACGA	7.114422294771259e-05
ENST00000352983	943	943	ACGAGGUGGAAUGAAGAAAAA	0.00044147054634809433
ENST00000352983	981	981	AAGGUGGAGAUGCUGGCAACA	6.799333236696076e-05
ENST00000352983	994	994	UGGCAACAGGGAGGACCAGAU	1.9151140761303283e-09
ENST00000352983	1040	1040	UAAGGUGUCUACCAUGAUUAU	2.4574370767681317e-40
ENST00000352983	1051	1051	CCAUGAUUAUUUUUCUAAGCU	9.42726024314218e-06
ENST00000352983	1075	1075	UGGUUAAUAAACAGUACCUGC	3.472358181901986e-06
ENST00000356674	1114	1114	CAGGAACAUGGGGGGACCAUA	0.00040571639780898186
ENST00000361227	44	44	UCCUAGCCUUACUACUAAUAA	0.00046015490449333136
ENST00000361227	66	66	UAUUACAUUUUGACUACCACA	0.002381320148622334
ENST00000361227	212	212	AAAUUGCCCUCCUUUUACCCC	0.006026283434484861
ENST00000361381	101	101	GCCUAAUUAUUAGCAUCAUCC	0.0004851558181054577
ENST00000361381	190	190	CUAACAACCCCCCUCCUAAUA	0.0005701718031070465
ENST00000361381	204	204	CCUAAUACUAACUACCUGACU	2.258879792333285e-08
ENST00000361381	224	224	UCCUACCCCUCACAAUCAUGG	9.321164531920442e-05
ENST00000361381	395	395	CCUUGGCUAUCAUCACCCGAU	4.5439688081848406e-05
ENST00000361381	414	414	AUGAGGCAACCAGCCAGAACG	9.889472485488493e-11
ENST00000361381	424	424	CAGCCAGAACGCCUGAACGCA	7.448503517326057e-05
ENST00000361381	591	591	AAUAUGACUAGCUUACACAAU	0.0014232419529353632
ENST00000361381	665	665	CCCAUGUCGAAGCCCCCAUCG	3.182304146827491e-09
ENST00000361381	697	697	GUACUUGCCGCAGUACUCUUA	5.97739241257154e-06
ENST00000361381	768	768	GACAAAACACAUAGCCUACCC	0.0007144383890327787
ENST00000361381	780	780	AGCCUACCCCUUCCUUGUACU	3.230950907890321e-09
ENST00000361381	796	796	GUACUAUCCCUAUGAGGCAUA	1.594741887648463e-09
ENST00000361381	809	809	GAGGCAUAAUUAUAACAAGCU	0.00033708442043317046
ENST00000361381	830	830	CCAUCUGCCUACGACAAACAG	0.00033120627434144297
ENST00000361381	891	891	AGCCCUCGUAGUAACAGCCAU	0.00017173570535663045
ENST00000361381	961	961	GCCCACGGGCUUACAUCCUCA	7.830255690609009e-05
ENST00000361381	971	971	UUACAUCCUCAUUACUAUUCU	6.768425901051353e-05
ENST00000361381	1040	1040	UCUCUCAAGGACUUCAAACUC	0.0012854838863390575
ENST00000361381	1049	1049	GACUUCAAACUCUACUCCCAC	0.0009055258091776759
ENST00000361381	1088	1088	UUCUAGCAAGCCUCGCUAACC	0.0009124679133545168
ENST00000361381	1129	1129	AACCUACUGGGAGAACUCUCU	0.00016436897518072837
ENST00000361381	1146	1146	CUCUGUGCUAGUAACCACGUU	0.0006028923466440332
ENST00000361381	1161	1161	CACGUUCUCCUGAUCAAAUAU	0.0011575867932121652
ENST00000361381	1229	1229	CCCUCUACAUAUUUACCACAA	2.1359906857059105e-08
ENST00000361381	1316	1316	UCAUGUUCAUACACCUAUCCC	0.0001954249198360225
ENST00000361390	92	92	UAGGCUAUAUACAACUACGCA	6.532258424927508e-06
ENST00000361390	113	113	AAGGCCCCAACGUUGUAGGCC	0.00021175646049839103
ENST00000361390	137	137	ACGGGCUACUACAACCCUUCG	4.60202705363723e-06
ENST00000361390	148	148	CAACCCUUCGCUGACGCCAUA	0.00022232866702026602
ENST00000361390	188	188	CCCUAAAACCCGCCACAUCUA	2.6836803626911936e-05
ENST00000361390	251	251	UCGCUCUUCUACUAUGAACCC	1.3504940284159182e-05
ENST00000361390	355	355	AUCCUCUGAUCAGGGUGAGCA	3.489395456023991e-05
ENST00000361390	399	399	CGGCGCACUGCGAGCAGUAGC	0.0005830248307387588
ENST00000361390	439	439	GUCACCCUAGCCAUCAUUCUA	7.634642813292281e-05
ENST00000361390	477	477	AAGUGGCUCCUUUAACCUCUC	0.0002443051403344922
ENST00000361390	550	550	UUGGCCAUAAUAUGAUUUAUC	1.404553939568959e-08
ENST00000361390	608	608	UUGCCGAAGGGGAGUCCGAAC	0.00024365760438036332
ENST00000361390	627	627	ACUAGUCUCAGGCUUCAACAU	1.7769836345793153e-05
ENST00000361390	660	660	AGGCCCCUUCGCCCUAUUCUU	9.049217022897398e-07
ENST00000361390	682	682	AUAGCCGAAUACACAAACAUU	1.0109467417310533e-05
ENST00000361390	736	736	CUAGGAACAACAUAUGACGCA	6.333740029442869e-14
ENST00000361390	770	770	UCUACACAACAUAUUUUGUCA	0.00013129216967648182
ENST00000361390	865	865	AUACACCUCCUAUGAAAAAAC	7.3545040693336e-05
ENST00000361390	892	892	CCACUCACCCUAGCAUUACUU	6.749778881921811e-05
ENST00000361427	274	274	GGGAAAAGCUGAUGCUGGCAA	9.767678409228368e-12
ENST00000361427	876	876	UUCCAUUUCUAGAUUGUGGAU	1.5915457307443544e-07
ENST00000361427	1158	1158	UGGAAAGUAUCUUUAAUAAAG	1.1466809894204574e-05
ENST00000361436	28	28	GAGGAGGCCAAGGUGCAACUU	8.443846665876697e-05
ENST00000361436	160	160	AGUCGGUGCCACUUCUGCCCU	0.0006537363757982622
ENST00000361436	236	236	GCCAAGGCAACGGGUGACUGG	7.628866221964187e-05
ENST00000361436	247	247	GGGUGACUGGAAGGGCCUGAG	7.706755181663423e-08
ENST00000361436	259	259	GGGCCUGAGGAUUACAGUGAA	1.609984763091727e-10
ENST00000361436	364	364	AAGAGACAGAAAGAAACAGAA	0.0004564373234529882
ENST00000361436	405	405	AUAUCACUUUUGAUGAGAUUG	2.3294337821292933e-06
ENST00000361436	444	444	UGCGGCACCGAUCCUUAGCCA	5.523780354087797e-05
ENST00000361436	497	497	GGGACUGCCCAGUCAGUGGGC	5.288254753363438e-09
ENST00000361436	511	511	AGUGGGCUGUAAUGUUGAUGG	1.2450470936387055e-09
ENST00000361436	600	600	AAAGGAAAACAUUUCAAUAAA	1.745099309560864e-05
ENST00000361453	234	234	CUUCAACAAUAUACUCUCCGG	0.00037388827665711286
ENST00000361453	280	280	AAUCAAUACUCAUCAUUAAUA	0.00012556952901112035
ENST00000361453	338	338	CCUUUCACUUCUGAGUCCCAG	1.896716225114763e-08
ENST00000361453	350	350	GAGUCCCAGAGGUUACCCAAG	1.963567817929441e-16
ENST00000361453	422	422	CCAUCUCAAUCAUAUACCAAA	4.485828460800497e-06
ENST00000361453	455	455	UAAACGUAAGCCUUCUCCUCA	0.0003370025761523936
ENST00000361453	586	586	GUUCUACCGUACAACCCUAAC	4.8483430902513164e-06
ENST00000361453	595	595	UACAACCCUAACAUAACCAUU	0.0002050766069508793
ENST00000361453	671	671	UAAACUCCAGCACCACGACCC	0.000190327834157058
ENST00000361453	692	692	UACUACUAUCUCGCACCUGAA	0.00012697840373035332
ENST00000361453	713	713	ACAAGCUAACAUGACUAACAC	5.5672727131925634e-08
ENST00000361453	772	772	CCCCCGCUAACCGGCUUUUUG	2.3464425165131435e-05
ENST00000361453	803	803	CCAUUAUCGAAGAAUUCACAA	7.791759039426007e-05
ENST00000361453	954	954	ACAGUUUGAACAUACAAAACC	1.0568365470975552e-06
ENST00000361567	688	688	UUAGGUCUCCACCCCUGACUC	0.008293125188620958
ENST00000361575	233	233	GGAAUUGCACAUGAGAUGGCA	1.460233056918013e-11
ENST00000361575	247	247	GAUGGCACACAUAUUUAUGCU	3.5796599281654754e-08
ENST00000361575	274	274	AGGUCACGAUCAUGUUACCAU	1.3205035222822141e-13
ENST00000361624	132	132	GGGCCAGCCAGGCAACCUUCU	2.3246635627912398e-09
ENST00000361624	240	240	CUUUGGCAACUGACUAGUUCC	1.3587296232307092e-05
ENST00000361624	253	253	CUAGUUCCCCUAAUAAUCGGU	5.2365094007833344e-08
ENST00000361624	404	404	UAGCAGGGAACUACUCCCACC	2.175355971778008e-07
ENST00000361624	445	445	ACCAUCUUCUCCUUACACCUA	9.059343374634413e-09
ENST00000361624	662	662	CCUUCUUCGACCCCGCCGGAG	1.6765486307815338e-16
ENST00000361624	672	672	CCCCGCCGGAGGAGGAGACCC	6.609090468737597e-07
ENST00000361624	686	686	GAGACCCCAUUCUAUACCAAC	1.4234950639992564e-06
ENST00000361624	825	825	UAUGGUCUGAGCUAUGAUAUC	0.00025335944164158413
ENST00000361624	847	847	AUUGGCUUCCUAGGGUUUAUC	4.73024341746214e-16
ENST00000361624	873	873	AGCACACCAUAUAUUUACAGU	0.00020536097003760238
ENST00000361624	894	894	AGGAAUAGACGUAGACACACG	3.555328619307108e-06
ENST00000361624	1019	1019	CAGUGCUCUGAGCCCUAGGAU	0.00031218804888193927
ENST00000361624	1040	1040	UCAUCUUUCUUUUCACCGUAG	1.348165337792235e-07
ENST00000361624	1060	1060	GGUGGCCUGACUGGCAUUGUA	4.5841123687561534e-26
ENST00000361624	1158	1158	AGGAGCUGUAUUUGCCAUCAU	1.8372060246376066e-14
ENST00000361624	1185	1185	CUUCAUUCACUGAUUUCCCCU	9.1184792853689e-08
ENST00000361624	1307	1307	UAUCCGGAAUGCCCCGACGUU	1.5142767765259637e-06
ENST00000361624	1317	1317	GCCCCGACGUUACUCGGACUA	0.00014849846091451768
ENST00000361624	1329	1329	CUCGGACUACCCCGAUGCAUA	0.00026287096842677335
ENST00000361624	1343	1343	AUGCAUACACCACAUGAAACA	0.00018491171468410544
ENST00000361624	1402	1402	GUAAUAUUAAUAAUUUUCAUG	3.919515458221314e-05
ENST00000361624	1510	1510	CCCUACCACACAUUCGAAGAA	1.0966692236239963e-06
ENST00000361739	82	82	GAUCACGCCCUCAUAAUCAUU	4.4851801703141614e-07
ENST00000361739	162	162	UAAUACUAACAUCUCAGACGC	6.265436064158356e-07
ENST00000361739	246	246	AUCCCUACGCAUCCUUUACAU	0.001140771997952569
ENST00000361739	281	281	ACGAUCCCUCCCUUACCAUCA	6.97467480911076e-07
ENST00000361739	320	320	GGUACUGAACCUACGAGUACA	0.001343596066631272
ENST00000361739	407	407	UGCGACUCCUUGACGUUGACA	6.502460439474048e-05
ENST00000361739	440	440	UCCCGAUUGAAGCCCCCAUUC	0.00018353055419740463
ENST00000361739	451	451	GCCCCCAUUCGUAUAAUAAUU	1.1513815160680794e-09
ENST00000361739	469	469	AUUACAUCACAAGACGUCUUG	6.010192580975745e-06
ENST00000361739	499	499	GCUGUCCCCACAUUAGGCUUA	0.00040189760068754025
ENST00000361739	518	518	UAAAAACAGAUGCAAUUCCCG	0.0004328396389327799
ENST00000361739	673	673	GGGCCCGUAUUUACCCUAUAG	0.00044352893547859845
ENST00000361789	380	380	UAGCAACAGCCUUCAUAGGCU	0.00016652783679174055
ENST00000361789	434	434	GGGCCACAGUAAUUACAAACU	1.618562899283353e-06
ENST00000361789	482	482	CAGACCUAGUUCAAUGAAUCU	9.41350776141253e-08
ENST00000361789	537	537	ACGAUUCUUUACCUUUCACUU	8.50354061654809e-05
ENST00000361789	558	558	CAUCUUGCCCUUCAUUAUUGC	0.0007964497299163327
ENST00000361789	611	611	ACGAAACGGGAUCAAACAACC	0.0002775919259147136
ENST00000361789	669	669	CCACCCUUACUACACAAUCAA	3.0085597046859113e-05
ENST00000361789	678	678	CUACACAAUCAAAGACGCCCU	0.0002736723221544383
ENST00000361789	699	699	CGGCUUACUUCUCUUCCUUCU	4.3311791416704073e-07
ENST00000361789	747	747	ACCAGACCUCCUAGGCGACCC	3.0679522371930876e-05
ENST00000361789	862	862	CCUAACAAACUAGGAGGCGUC	7.571784909213594e-05
ENST00000361789	922	922	CCCAUCCUCCAUAUAUCCAAA	0.0002583029360932527
ENST00000361789	969	969	AAGCCAAUCACUUUAUUGACU	2.8572705167993317e-08
ENST00000361789	1026	1026	AGGACAACCAGUAAGCUACCC	6.765700379706162e-05
ENST00000361789	1037	1037	UAAGCUACCCUUUUACCAUCA	0.0008233110983517915
ENST00000361899	40	40	GCCCCCACAAUCCUAGGCCUA	1.0776906863850478e-08
ENST00000361899	104	104	CCACCUCCAAAUAUCUCAUCA	8.16250878339673e-06
ENST00000361899	119	119	UCAUCAACAACCGACUAAUCA	1.7782587523519405e-05
ENST00000361899	128	128	ACCGACUAAUCACCACCCAAC	1.812797023236836e-08
ENST00000361899	140	140	CCACCCAACAAUGACUAAUCA	7.435910952859593e-06
ENST00000361899	213	213	AUCUCUUAUACUAGUAUCCUU	2.691742903534905e-05
ENST00000361899	254	254	CUAACCUCCUCGGACUCCUGC	1.1639543276116474e-07
ENST00000361899	305	305	CUAUAAACCUAGCCAUGGCCA	6.484881612362889e-06
ENST00000361899	321	321	GGCCAUCCCCUUAUGAGCGGG	3.694633747946517e-10
ENST00000361899	380	380	CCCUAGCCCACUUCUUACCAC	1.210404225844705e-05
ENST00000361899	420	420	UAUCCCCAUACUAGUUAUUAU	3.235403352961233e-14
ENST00000361899	462	462	UCAACCAAUAGCCCUGGCCGU	3.773125888493521e-09
ENST00000361899	481	481	GUACGCCUAACCGCUAACAUU	8.109803159876522e-09
ENST00000361899	495	495	UAACAUUACUGCAGGCCACCU	8.575750135220257e-10
ENST00000361899	518	518	UCAUGCACCUAAUUGGAAGCG	1.6650479810970457e-05
ENST00000361899	547	547	GCAAUAUCAACCAUUAACCUU	0.0001204731429586762
ENST00000361899	557	557	CCAUUAACCUUCCCUCUACAC	1.4221046339565027e-08
ENST00000361899	617	617	AAAUCGCUGUCGCCUUAAUCC	1.484734088647469e-07
ENST00000361899	631	631	UUAAUCCAAGCCUACGUUUUC	2.5683316634071554e-13
ENST00000361899	643	643	UACGUUUUCACACUUCUAGUA	8.301694659797722e-10
ENST00000361899	656	656	UUCUAGUAAGCCUCUACCUGC	5.3608479685183544e-06
ENST00000361899	668	668	UCUACCUGCACGACAACACAU	4.664305497791358e-05
ENST00000362079	13	13	ACCCACCAAUCACAUGCCUAU	1.1351963669344022e-06
ENST00000362079	44	44	AACCCAGCCCAUGACCCCUAA	2.680430784662229e-12
ENST00000362079	56	56	GACCCCUAACAGGGGCCCUCU	1.631525946581239e-32
ENST00000362079	69	69	GGCCCUCUCAGCCCUCCUAAU	1.473735275243482e-12
ENST00000362079	102	102	AGCCAUGUGAUUUCACUUCCA	1.1834300455269937e-12
ENST00000362079	164	164	UAACCAUAUACCAAUGAUGGC	3.824918793364488e-10
ENST00000362079	175	175	CAAUGAUGGCGCGAUGUAACA	7.018725917117622e-11
ENST00000362079	197	197	GAGAAAGCACAUACCAAGGCC	1.2024494190675396e-06
ENST00000362079	246	246	UCGAUACGGGAUAAUCCUAUU	8.850598301457421e-17
ENST00000362079	257	257	UAAUCCUAUUUAUUACCUCAG	1.0884066871399417e-09
ENST00000362079	267	267	UAUUACCUCAGAAGUUUUUUU	1.0379676115444755e-06
ENST00000362079	296	296	GAUUUUUCUGAGCCUUUUACC	4.3373307096009686e-14
ENST00000362079	326	326	UAGCCCCUACCCCCCAAUUAG	5.655028492307769e-14
ENST00000362079	340	340	CAAUUAGGAGGGCACUGGCCC	2.9313093619717084e-20
ENST00000362079	355	355	UGGCCCCCAACAGGCAUCACC	4.8026897337070975e-09
ENST00000362079	369	369	CAUCACCCCGCUAAAUCCCCU	1.6754817941344681e-09
ENST00000362079	401	401	UCCUAAACACAUCCGUAUUAC	2.114893761380045e-13
ENST00000362079	412	412	UCCGUAUUACUCGCAUCAGGA	9.253531020498608e-06
ENST00000362079	438	438	AAUCACCUGAGCUCACCAUAG	5.996150304969582e-06
ENST00000362079	449	449	CUCACCAUAGUCUAAUAGAAA	4.742757690636792e-06
ENST00000362079	474	474	CCGAAACCAAAUAAUUCAAGC	1.556330301832151e-06
ENST00000362079	484	484	AUAAUUCAAGCACUGCUUAUU	6.138445505858176e-08
ENST00000362079	498	498	GCUUAUUACAAUUUUACUGGG	2.063444694028191e-15
ENST00000362079	514	514	CUGGGUCUCUAUUUUACCCUC	1.7525129187110946e-39
ENST00000362079	537	537	ACAAGCCUCAGAGUACUUCGA	2.4745917723332886e-08
ENST00000362079	547	547	GAGUACUUCGAGUCUCCCUUC	3.7699786448169954e-06
ENST00000362079	581	581	GCAUCUACGGCUCAACAUUUU	1.413249495220046e-09
ENST00000362079	606	606	AGCCACAGGCUUCCACGGACU	5.562414549789673e-18
ENST00000362079	623	623	GACUUCACGUCAUUAUUGGCU	1.7505733707779138e-08
ENST00000362079	636	636	UAUUGGCUCAACUUUCCUCAC	5.4825911962177975e-09
ENST00000362079	667	667	AUCCGCCAACUAAUAUUUCAC	6.6616074489372875e-06
ENST00000362079	679	679	AUAUUUCACUUUACAUCCAAA	1.7130199436210063e-23
ENST00000362079	699	699	ACAUCACUUUGGCUUCGAAGC	7.926421522683095e-06
ENST00000362079	714	714	CGAAGCCGCCGCCUGAUACUG	6.700514400522148e-06
ENST00000362079	733	733	UGGCAUUUUGUAGAUGUGGUU	1.465795795642271e-08
ENST00000362079	751	751	GUUUGACUAUUUCUGUAUGUC	2.276514232486449e-11
ENST00000366815	141	141	GGGGUAAGUAAGGAGGUCUCU	0.00012295316312649807
ENST00000366815	207	207	GUAAAGCACCCAGGAAGCAAC	0.00011363277497526235
ENST00000366815	664	664	GAUAUUUUUUUUCCAUGGGGU	2.930344460012928e-06
ENST00000366815	843	843	CGGUUCAACUUUAUAAUAAUU	1.9828625753769887e-05
ENST00000367569	541	541	AGACCAGCAGGACUCCUGAGA	0.007509080082354722
ENST00000368567	39	39	CGCACACGAGAACAUGCCUCU	0.0001405852245099157
ENST00000370321	87	87	GGGGUUUGUUAAAGUUGUUAA	0.0002604501290894738
ENST00000370321	295	295	GGGGAUAUGAUAGUCUGCGCA	0.0003668431710805598
ENST00000370321	316	316	GCGUAUGCACACGAACUGCCA	1.2838161204381142e-06
ENST00000370321	521	521	UGGAUGCAGGCCUUGCCAGAA	0.0009363764715793297
ENST00000370321	567	567	UGCCCUGAAGGGAGCUGUGGA	0.00010085738280517852
ENST00000370321	619	619	CGAUUCCCUGGUUAUGAUUCU	0.0010217209568194466
ENST00000373232	868	868	GUGUGAUCCUGAUGCUGCCAG	0.0020298768512142964
ENST00000373365	722	722	AAGCAUCUAGGACUGAUGGAU	3.61769267814086e-06
ENST00000373586	674	674	GGGACAUGACCAUGUUUGUGA	0.0067695312161493906
ENST00000379143	684	684	AGAUCUCAGCCAUAUUGGAGA	0.00017876971627128402
ENST00000380191	1184	1184	GCCAGGUGAUCAGAGUUAUUU	0.004347597081008714
ENST00000380394	173	173	AGUUGCUGCUGACGCUCUGGG	0.0003733142726270072
ENST00000380394	198	198	GAAUGGAAGGGUUAUGUGGUC	6.188306529205304e-06
ENST00000380394	226	226	GUGGUGGGAACGACAAACAAG	4.3084861487764426e-06
ENST00000380394	347	347	GAGAAAAUCAGUUCGUGGUUG	0.00018987044988265744
ENST00000380394	470	470	CCCCAAAAGAGCUAGCAGAAU	9.044564558395339e-07
ENST00000380394	522	522	GAUGUCCGCCAGUAUGUUGUA	1.4328255758674924e-05
ENST00000380394	539	539	UGUAAGAAAGCCCUUAAAUAA	0.00016671657195602705
ENST00000380394	565	565	GUAAGAAACCUAGGACCAAAG	6.08333516340983e-06
ENST00000380394	682	682	AGGCUGCAGAAUAUGCUAAAC	7.16576181544113e-13
ENST00000380394	708	708	GCCAAGAGAAUGAAGGAGGCU	8.034908971391961e-08
ENST00000380394	741	741	CAGGAACAAAUUGCGAAGAGA	2.4451813381385628e-05
ENST00000381342	825	825	CGGGAAUGCGGCCUCCUCCCC	0.0073370341103595705
ENST00000381401	1236	1236	GGGGCCUGUACCAGGGCUUCA	0.0014438284019753346
ENST00000381401	1425	1425	UGCGGCGGCGCAUGAUGAUGC	0.00047410882391905364
ENST00000387347	103	103	CCUGGCGCAAUAGAUAUAGUA	0.00011636381589346455
ENST00000387347	118	118	AUAGUACCGCAAGGGAAAGAU	3.764439156823696e-05
ENST00000387347	147	147	AUAACCAAGCAUAAUAUAGCA	0.00011011297655126277
ENST00000387347	247	247	AACCAGACGAGCUACCUAAGA	1.5033372324041315e-06
ENST00000387347	307	307	GGGAAGAUUUAUAGGUAGAGG	6.555814574603e-07
ENST00000387347	341	341	GAGCCUGGUGAUAGCUGGUUG	0.00022173719983347836
ENST00000387347	389	389	AAAUUUGCCCACAGAACCCUC	0.00010773746233058083
ENST00000387347	443	443	AGAGGAACAGCUCUUUGGACA	2.3408975068523315e-10
ENST00000387347	458	458	UGGACACUAGGAAAAAACCUU	1.839683627794558e-06
ENST00000387347	499	499	AACACCCAUAGUAGGCCUAAA	0.00016505632947161686
ENST00000387347	511	511	AGGCCUAAAAGCAGCCACCAA	1.5915783418177964e-08
ENST00000387347	570	570	AAUCCCAAACAUAUAACUGAA	1.3143025034372697e-08
ENST00000387347	659	659	AACAUUCUCCUCCGCAUAAGC	1.0109467417310533e-05
ENST00000387347	680	680	CUGCGUCAGAUUAAAACACUG	0.0004092231635017058
ENST00000387347	704	704	UGACAAUUAACAGCCCAAUAU	1.5656446843219456e-05
ENST00000387347	737	737	AACAAGUCAUUAUUACCCUCA	4.693662120931232e-05
ENST00000387347	775	775	GCAUGCUCAUAAGGAAAGGUU	4.2318891725235696e-05
ENST00000387347	789	789	AAAGGUUAAAAAAAGUAAAAG	0.00014432464243865252
ENST00000387347	798	798	AAAAAGUAAAAGGAACUCGGC	0.0004969289241060492
ENST00000387347	811	811	AACUCGGCAAAUCUUACCCCG	1.3711342085783748e-05
ENST00000387347	870	870	UUAGAGGCACCGCCUGCCCAG	0.00016397957199466593
ENST00000387347	885	885	GCCCAGUGACACAUGUUUAAC	2.915855072729597e-14
ENST00000387347	895	895	ACAUGUUUAACGGCCGCGGUA	0.0002661048828864492
ENST00000387347	931	931	GGUAGCAUAAUCACUUGUUCC	8.943831996157073e-09
ENST00000387347	959	959	GGGACCUGUAUGAAUGGCUCC	5.599382497205891e-13
ENST00000387347	972	972	AUGGCUCCACGAGGGUUCAGC	7.480861354763903e-06
ENST00000387347	993	993	UGUCUCUUACUUUUAACCAGU	5.5693976875337536e-05
ENST00000387347	1012	1012	GUGAAAUUGACCUGCCCGUGA	4.381080434359695e-21
ENST00000387347	1025	1025	GCCCGUGAAGAGGCGGGCAUA	4.992423319650411e-05
ENST00000387347	1060	1060	GAAGACCCUAUGGAGCUUUAA	4.6962851014746115e-06
ENST00000387347	1198	1198	AGACUUCACCAGUCAAAGCGA	9.572748337157747e-10
ENST00000387347	1232	1232	AUUGAUCCAAUAACUUGACCA	0.0004671435191292881
ENST00000387347	1252	1252	AACGGAACAAGUUACCCUAGG	7.974608036127734e-14
ENST00000387347	1287	1287	CCUAUUCUAGAGUCCAUAUCA	0.00016839178331428054
ENST00000387347	1306	1306	CAACAAUAGGGUUUACGACCU	4.031557797913938e-07
ENST00000387347	1332	1332	UUGGAUCAGGACAUCCCGAUG	1.910908177061821e-06
ENST00000387347	1349	1349	GAUGGUGCAGCCGCUAUUAAA	2.4978239163417862e-06
ENST00000387347	1361	1361	GCUAUUAAAGGUUCGUUUGUU	0.000142578907131205
ENST00000387347	1371	1371	GUUCGUUUGUUCAACGAUUAA	0.00020477687348047577
ENST00000387347	1390	1390	AAAGUCCUACGUGAUCUGAGU	5.99131945182774e-08
ENST00000387347	1403	1403	AUCUGAGUUCAGACCGGAGUA	5.7115153220630935e-06
ENST00000387347	1434	1434	GUUUCUAUCUACNUUCAAAUU	0.00030842436677685326
ENST00000387347	1464	1464	ACGAAAGGACAAGAGAAAUAA	1.0433871506224644e-06
ENST00000387347	1483	1483	AAGGCCUACUUCACAAAGCGC	2.0619008771707607e-05
ENST00000388968	1973	1973	GGUGGUAUGGGAGGUGGCAUG	0.001391561488111988
ENST00000389266	2219	2219	CGCUAUGCCAGGACUGAUGAG	0.007222138454457388
ENST00000389680	115	115	AAGCAUCAAGCACGCAGCAAU	9.760464745894615e-05
ENST00000389680	173	173	GAAACAGCAGUGAUUAACCUU	2.3829983560772952e-08
ENST00000389680	187	187	UAACCUUUAGCAAUAAACGAA	6.358796253242716e-05
ENST00000389680	200	200	UAAACGAAAGUUUAACUAAGC	2.110153748054388e-05
ENST00000389680	390	390	GUGGCUUUAACAUAUCUGAAC	3.6152143440919066e-15
ENST00000389680	422	422	AAGACCCAAACUGGGAUUAGA	1.5431823267502926e-08
ENST00000389680	433	433	UGGGAUUAGAUACCCCACUAU	1.204529445703993e-06
ENST00000389680	484	484	ACAAAACUGCUCGCCAGAACA	1.263567202511518e-08
ENST00000389680	498	498	CAGAACACUACGAGCCACAGC	3.0298776981783393e-05
ENST00000389680	516	516	AGCUUAAAACUCAAAGGACCU	6.074082932172787e-07
ENST00000389680	588	588	CGAUCAACCUCACCACCUCUU	8.120604979252985e-05
ENST00000389680	740	740	CAGAAAACUACGAUAGCCCUU	3.6986388509851834e-05
ENST00000389680	761	761	AUGAAACUUAAGGGUCGAAGG	1.4346284566611607e-11
ENST00000389680	771	771	AGGGUCGAAGGUGGAUUUAGC	3.246784571296623e-05
ENST00000389680	860	860	CUCAAGUAUACUUCAAAGGAC	8.818307822942854e-07
ENST00000389680	874	874	AAAGGACAUUUAACUAAAACC	1.4804523332971832e-08
ENST00000389680	894	894	CCCUACGCAUUUAUAUAGAGG	3.913843245769906e-13
ENST00000389680	921	921	GUCGUAACAUGGUAAGUGUAC	3.136212079339881e-08
ENST00000389680	931	931	GGUAAGUGUACUGGAAAGUGC	7.200968278565191e-11
ENST00000391857	96	96	UGCAGGUCCUGGUGCUUGAUG	4.9812908837444424e-11
ENST00000391857	138	138	GCCUGGCGGCCAUCGUGGCUA	9.021773388884766e-08
ENST00000391857	183	183	UGGUGGUCGUACGCUGUGAAG	4.768603370473268e-16
ENST00000391857	202	202	AGGCAUCAACAUUUCUGGCAA	1.7241055288896336e-11
ENST00000391857	218	218	GGCAAUUUCUACAGAAACAAG	1.218426653270095e-05
ENST00000391857	229	229	CAGAAACAAGUUGAAGUACCU	7.531846064613278e-06
ENST00000391857	252	252	CUUUCCUCCGCAAGCGGAUGA	7.172300254010356e-05
ENST00000391857	271	271	GAACACCAACCCUUCCCGAGG	7.492013154600593e-10
ENST00000391857	323	323	UUCUGGCGGACCGUGCGAGGU	1.1317247527582915e-06
ENST00000391857	428	428	AAAAAGCGGAUGGUGGUUCCU	3.4155150439974904e-05
ENST00000391857	469	469	UCUGAAGCCUACAAGAAAGUU	8.096291385168767e-07
ENST00000391857	478	478	UACAAGAAAGUUUGCCUAUCU	3.3419884842745688e-06
ENST00000391857	502	502	GCGCCUGGCUCACGAGGUUGG	0.00018070966613528024
ENST00000391857	544	544	AGCCACCCUGGAGGAGAAGAG	6.310594757793736e-07
ENST00000391857	563	563	AGGAAAGAGAAAGCCAAGAUC	1.2758158230855365e-11
ENST00000391857	575	575	GCCAAGAUCCACUACCGGAAG	1.008752106678451e-09
ENST00000391857	595	595	GAAGAAACAGCUCAUGAGGCU	3.7825622124475643e-08
ENST00000391857	627	627	CCGAGAAGAACGUGGAGAAGA	2.306472690003185e-09
ENST00000391857	647	647	AAAAUUGACAAAUACACAGAG	8.049234231722816e-06
ENST00000391857	702	702	AAUAAAGACUGUUAAUUCCUC	0.00016440240116610494
ENST00000391857	837	837	GGUCUUAGUCACUGCCUCCCG	5.354782340519069e-05
ENST00000391857	965	965	GGGCCCUAUCUUGUGAGUGGG	2.709386999086969e-06
ENST00000391857	990	990	CUGUUGGACUUUCCACCUGGU	5.861845100836147e-06
ENST00000392514	275	275	UGGGAGCAGACAAUGUGGGCU	2.2200130992312396e-11
ENST00000392514	353	353	GCAAGAACACCAUGAUGCGCA	2.588684152065826e-10
ENST00000392514	416	416	AACUGCUGCCUCAUAUCCGGG	3.8757985065585934e-08
ENST00000392514	529	529	GCCAUUGCCCCAUGUGAAGUC	1.1534223291283169e-05
ENST00000392514	559	559	GCCCAGAACACUGGUCUCGGG	3.3409007767910025e-06
ENST00000392514	583	583	GAGAAGACCUCCUUUUUCCAG	0.00030359584439833504
ENST00000392514	716	716	UGCUCAACAUCUCCCCCUUCU	0.0005109925666340746
ENST00000392514	835	835	GAGGGUGUCCGCAAUGUUGCC	7.957971513103467e-07
ENST00000392514	882	882	AACUGUUGCAUCAGUACCCCA	0.0004042544596950308
ENST00000392514	918	918	GUACAAACGAGUCCUGGCCUU	1.5047351632293485e-13
ENST00000392514	970	970	GCUGAAAAGGUCAAGGCCUUC	0.00026651960220766134
ENST00000392514	1084	1084	GCCAAGGAAGAGUCGGAGGAG	8.300216439027501e-05
ENST00000394077	171	171	GGCGCUACGCCAGGACCGACG	0.002327054650863095
ENST00000394077	226	226	GUCGGCUUUCCUUUCCAAGAG	0.005946956889047363
ENST00000394667	42	42	CAGGCACUCAGAAUGGUCCAG	0.0003096804812135801
ENST00000394920	763	763	CGGGGUGUGGCCAUGAAUCCU	0.00010842195824304063
ENST00000396651	399	399	GGAUCAUCGAUGUUGUCUACA	0.0007413019851484385
ENST00000396651	717	717	GCCGAGCAGAUGGCUAUGUGC	1.5753349409778247e-06
ENST00000401609	782	782	GCCUGUAUUGGGGCAUGGCAU	0.009734268124892798
ENST00000407193	149	149	UGGUGUCUGCCAUAUCUUUGC	1.0251215823719623e-06
ENST00000407193	267	267	GAAUCCUCACCAUAUGCUGCU	1.603546742245571e-08
ENST00000407193	364	364	CAGGAGGAAAUAGGACCAAGA	7.92263753861962e-05
ENST00000409115	547	547	AAAAAGGAAAAGUUAAACUAA	0.0008798295752663149
ENST00000409115	759	759	AGGCCCUGCUUUUUUUCUUAA	0.00033638110435387576
ENST00000409115	816	816	UUUACAUUUUAUAUUUUUGUA	1.8135141535308828e-05
ENST00000409115	872	872	GAUGACCAAACCAGCCUUCGG	0.0012203454559431605
ENST00000409115	908	908	ACUUCUGACUUUACUUGUGGU	2.6456767346885525e-05
ENST00000409115	925	925	UGGUGUGACCAUGUUCAUUAU	1.8255276440331345e-06
ENST00000409115	1062	1062	GUUGGUUUGUAUGAGAUGGUU	0.0003515957162397527
ENST00000409115	1118	1118	CUUUUUUGUCUAUGAAGUUGC	0.0015470412783934225
ENST00000409115	1156	1156	CUGUUUGAUGUAUGUGUGAAA	0.000840270374618913
ENST00000418115	1031	1031	AUCUUAGUGUAUGAUUACUGG	0.004773916266257954
ENST00000418115	1483	1483	GUUCUGUGGUUUCAUGUUAGU	0.0006028923466440332
ENST00000422514	885	885	AGAAGAUAGAAGACAACAACA	0.008273509903282588
ENST00000429711	182	182	UCAGACCGAUAUGUCAAAAUU	3.081864616218401e-05
ENST00000430157	87	87	GCCGAGCUGACGCAAACAUGC	0.002019896028397648
ENST00000439602	87	87	GGAGGCCUACACGCCGCCGCU	5.0732577214470255e-06
ENST00000439602	114	114	GCAGCCAUGUCUCUAGUGAUC	0.0006516918582104045
ENST00000439602	188	188	GCGGAAAAUAGCCUUUGCCAU	0.0005468088102395674
ENST00000439602	227	227	GGGCCGAAGAUAUGCUCAUGU	1.796554873475588e-18
ENST00000439602	253	253	UGAGGAAAGCAGACAUUGACC	9.53648464730217e-15
ENST00000439602	281	281	GAGGGCGGGAGAACUCACUGA	3.549483660677417e-06
ENST00000439602	304	304	AUGAGGUGGAACGUGUGAUCA	3.2670128667861366e-11
ENST00000439602	408	408	CAGGUCCUAGCCAAUGGUCUG	1.5010893016454035e-09
ENST00000439602	483	483	GGGCUGCGUCACUUCUGGGGC	3.937974463018525e-05
ENST00000439602	509	509	UGUCCGAGGCCAGCACACCAA	0.0004297652081371332
ENST00000439602	548	548	CCGCACCGUGGGUGUGUCCAA	8.987989060113889e-06
ENST00000450589	271	271	GGGUAAGGACAUGAAGACAGU	0.00376305293604349
ENST00000450589	494	494	AGUGGCCUUUGAAGCUUACUA	0.002468859627855413
ENST00000451311	21	21	GUGGCCACUGCGCAGACCAGA	1.8263696634557976e-07
ENST00000451311	30	30	GCGCAGACCAGACUUCGCUCG	3.1825037121889784e-12
ENST00000451311	63	63	UCGCUUCGCUUUUCCUCCGCA	2.8210425313901506e-06
ENST00000451311	77	77	CUCCGCAACCAUGUCUGACAA	3.23104552486987e-08
ENST00000451311	110	110	UGAGAUCGAGAAAUUCGAUAA	3.2484476414632262e-06
ENST00000451311	165	165	AAUCCACUGCCUUCCAAAGAA	7.879957068519815e-20
ENST00000451311	210	210	GGCGAAUCGUAAUGAGGCGUG	3.0570997844946564e-12
ENST00000451311	229	229	UGCGCCGCCAAUAUGCACUGU	7.612809413326809e-15
ENST00000451311	264	264	UUGCCUUCUUAUUUUACUUCU	6.90036487827641e-07
ENST00000451311	275	275	UUUUACUUCUUUUAGCUGUUU	4.602093614375058e-05
ENST00000451311	302	302	GUAAGAUGCAAAGAGGUUGGA	1.5734204812579188e-05
ENST00000451311	316	316	GGUUGGAUCAAGUUUAAAUGA	3.156644244674224e-15
ENST00000451311	334	334	UGACUGUGCUGCCCCUUUCAC	2.7597902393685326e-05
ENST00000451311	352	352	CACAUCAAAGAACUACUGACA	3.577581693422853e-07
ENST00000451311	380	380	CCGCGCCUGCCUUUCCCAUCU	4.283816761706685e-06
ENST00000451311	424	424	AAGGAAAGAACUUGCAUGUUG	2.637838781965912e-12
ENST00000451311	450	450	GGAAGAAGUGGGGUGGAAGAA	3.268541942686981e-07
ENST00000451311	464	464	GGAAGAAGUGGGGUGGGACGA	1.3446289158101567e-15
ENST00000451311	478	478	GGGACGACAGUGAAAUCUAGA	8.440196754890819e-11
ENST00000451311	518	518	AGGUGUCCUGCAGGCUGUAAU	1.059925452362157e-10
ENST00000451311	529	529	AGGCUGUAAUGCAGUUUAAUC	1.2412731035859389e-06
ENST00000451311	539	539	GCAGUUUAAUCAGAGUGCCAU	1.475144324466579e-11
ENST00000451311	549	549	CAGAGUGCCAUUUUUUUUUUU	2.4883245113021306e-15
ENST00000451311	572	572	UCAAAUGAUUUUAAUUAUUGG	2.274777945983305e-05
ENST00000451311	585	585	AUUAUUGGAAUGCACAAUUUU	1.2074907335750288e-10
ENST00000468812	201	201	GGGUUCCUGCUUUCACAGAAU	0.00027451853164608617
ENST00000468812	421	421	GAUGGCAAGCAUGUGGUGUUU	3.225577608116639e-05
ENST00000468812	718	718	AGAGUUAAGUUUAUGAUUAUG	8.199579666286287e-05
ENST00000469257	421	421	AACGCAAGAACAUAUGCCAGU	0.002699432711225528
ENST00000479035	550	550	UGGCAGCAUUGCAUGAUUCUC	3.710387798696998e-10
ENST00000491306	864	864	UGUGGUUCCUGCAUGAAGACA	3.246293967535293e-05
ENST00000501597	81	81	AACCUCUGCGCCAUGAGAGCC	6.513211902031553e-13
ENST00000501597	196	196	GCCACAGGAGCAGAAACAUGG	4.508111660995573e-06
ENST00000501597	222	222	CAGACGCUGGGGAUGCUGGUA	9.18337685429446e-06
ENST00000501597	373	373	CCUGGACCUGUGACAUUCUGG	3.846539114144264e-06
ENST00000501597	383	383	UGACAUUCUGGACUAUUUCUG	6.331871265741017e-20
ENST00000501597	393	393	GACUAUUUCUGUGUUUAUUUG	2.4288569781708747e-06
ENST00000512737	425	425	GGUGAAGUACAUGAACUCAGG	0.00016395349271966308
ENST00000512805	494	494	CAGUUCCCGGACAUGAUCCUC	0.0001265264850525697
ENST00000512805	531	531	AGACCAUCAUCAUGUGGAAAC	0.0011770174917657384
ENST00000512805	564	564	AGACCAACUAUGGAAUUCCAC	0.00039572072165231306
ENST00000512805	863	863	GAGUGGGUGUCUUGUGUCCGC	5.181675813316256e-05
ENST00000512805	1089	1089	GCAAACACCUUUACACGCUAG	8.25136365547728e-07
ENST00000512805	1173	1173	CAGGCCCCAGCAUCAAGAUCU	0.0011623091611403747
ENST00000512805	1378	1378	UAUGGCAGAGCUUUACAAAUA	9.259489507053797e-05
ENST00000521861	790	790	AUGAGCCAAGAUAUAGUUAAA	0.002822438578191152
ENST00000521861	1117	1117	GUUAACAUGAACUCUUGAAGU	0.0027293296435806
ENST00000525451	1111	1111	CAGGGAUCAAGCAUGAAUUGC	4.990698790334532e-06
ENST00000525634	158	158	GGGUCGCAUGCAUGCUCCCGG	1.6852496310768898e-05
ENST00000527673	598	598	AGUUCCCAACUAUAAACUUAU	0.0018915039759201519
ENST00000529639	618	618	GGAGGUAAAGUCCAUGGUUCC	0.0021476767317511604
ENST00000530705	300	300	CAGUCGCCAUCAUGAUUAUCU	0.0001835539067721009
ENST00000530705	323	323	CGGGACCUCAUCAGCCACGAU	2.0845192928679144e-14
ENST00000530705	394	394	CCUGGAGGUGGAGGGGAAGAU	0.00013697058314088997
ENST00000530705	420	420	GUAGGACAGAAGGUAACAUUG	5.442230219747545e-08
ENST00000530705	454	454	UGGUGGAAAUGCCUCCGCUGA	5.183025432894945e-05
ENST00000530705	464	464	GCCUCCGCUGAAGGCCCCGAG	0.00027628197946662165
ENST00000530705	510	510	UCACUGGUGUCGAUAUUGUCA	8.770057920040002e-05
ENST00000530705	546	546	AGGAAACAAGUUUCACAAAAG	0.00017704090578857864
ENST00000530705	583	583	CAUCAAAGAUUACAUGAAAUC	5.398135661222531e-07
ENST00000530705	705	705	ACCAGUUCUUUAUUGGUGAAA	4.186879363237179e-05
ENST00000530705	718	718	UGGUGAAAACAUGAAUCCAGA	5.820183187585588e-06
ENST00000530705	749	749	GCUCUAUUGGACUACCGUGAG	0.00033499376686323216
ENST00000530705	758	758	GACUACCGUGAGGAUGGUGUG	0.0002775919259147136
ENST00000530705	774	774	GUGUGACCCCAUAUAUGAUUU	1.0568365470975552e-06
ENST00000530705	894	894	ACAACACCAGGACUUAAGACA	1.3471729623518395e-08
ENST00000530705	907	907	UUAAGACAAAUGGGACUGAUG	1.5514111648860865e-12
ENST00000530705	920	920	GACUGAUGUCAUCUUGAGCUC	0.00022496359460414658
ENST00000530705	988	988	AAGAAAAACAUGUCAUGUAGG	1.1886166590834288e-05
ENST00000531188	74	74	GGCAGUGCAAAUAUCCAAGAA	0.0009778494872613695
ENST00000531188	231	231	AGAACACAGAAUGUUCUUGGU	0.0024461276307550755
ENST00000531188	295	295	AGAGGUUUGGCUUUCCAGAGG	0.0009344356514160882
ENST00000531188	439	439	UGCGGUUCAUCAUGGAGAGUG	0.002045077147269816
ENST00000531188	531	531	GAUGGCCUGAUGAUCCACAGC	0.0004029533966080098
ENST00000531188	680	680	CCUGCCUGACCACGUGAGCAU	3.055280517136755e-05
ENST00000534624	356	356	GGAAAAGUCGAGAUAAUUGCC	3.921985405851527e-05
ENST00000534624	890	890	GGUGGCACUUUUGAUGUGUCA	0.0005451866275885514
ENST00000534624	1372	1372	CAUCAACCCUGAUGAAGCUGU	0.0013840190301027619
ENST00000546500	797	797	GGUUUGUCACAUAUGCCACUG	0.001652682557098107
ENST00000546500	825	825	GGUGGAUGCAGCUAUGAAUGC	0.0008863698739321748
ENST00000549920	601	601	AUCCGGAAGAUGAAGCUUCCU	0.003680080485241094
ENST00000549920	655	655	ACCAUAACUGAUGAUGUGCGG	0.004560104323606998
ENST00000549920	673	673	CGGGUUCAGGAGGUACCCAAA	0.004459433895479381
ENST00000552981	60	60	GGGAGUGGUUGUGUGAUCGCC	6.851813720357695e-05
ENST00000569669	2216	2216	CGGGGGCAGACGGGACUGUCC	0.001078526352440878
ENST00000573283	1200	1200	AUGCUUCUAAACGGACUCAGC	0.00048541843686689324
ENST00000573283	1277	1277	AUGCACACACCUCAUGCUAGC	0.0017327792742791626
ENST00000573283	1362	1362	CUGGAUUGUAGAACUUGUUGC	2.7678241922412372e-05
ENST00000573283	1431	1431	AAUACCCUGUACAUAUCUUUG	0.00013879929161241447
ENST00000573283	1528	1528	GCUUGGUGAGUCUGUGUGGCC	3.274869484040126e-05
ENST00000573283	1584	1584	AGGGCUGAGUGUUCUGGGAUU	0.0011530054258496545
ENST00000573283	1601	1601	GAUUUCUCUAGAGGCUGGCAA	2.608940543813899e-12
ENST00000573283	1616	1616	UGGCAAGAACCAGUUGUUUUG	0.0017303829481185474
ENST00000573283	1648	1648	UGUCAGGGUUGGAAAGUCCAA	0.0001125163582099055
ENST00000573283	1659	1659	GAAAGUCCAAGCCGUAGGACC	0.00025233367520692746
ENST00000573283	1674	1674	AGGACCCAGUUUCCUUUCUUA	0.0006275321423293412
ENST00000573283	1725	1725	UGUUACUUGCUUUGAGUUGGA	0.00016061779248993088
ENST00000573283	1769	1769	AAUGUAUUCAUUCUUAAUUUA	2.1284337158892834e-05
ENST00000573283	1810	1810	CAAUUCUCGAUUCUUUGAAGA	0.0012111269444499565
ENST00000573283	1825	1825	UGAAGAGAUGACAACAAAUUU	0.000990509110077769
ENST00000573283	1837	1837	AACAAAUUUUGGUUUUCUACU	0.00015435593904289914
ENST00000573283	1866	1866	AGAACAUUAGGCCCCAGCAAC	3.6911063792211625e-05
ENST00000573283	1892	1892	AUUGUGUAAGGAAAAAUAAAA	0.000548158669190101
ENST00000580261	198	198	AGGGUAUGCAUAUACGAAAAG	1.6588625602212245e-09
ENST00000580261	334	334	GUGGCCCAAAAAGAGUGCUGA	2.153932312570871e-05
ENST00000580261	401	401	AAGGGUUUAGAUGUAGAUUCU	0.00014239349247364362
ENST00000580261	425	425	GUCAUUGAGCAUAUCCAAGUG	0.00011124165529008855
ENST00000582911	171	171	AGGAGCCUGCCAUGAGGUUUU	3.076459499641643e-08
ENST00000590230	362	362	GCGUGGCGAAUGUAAACGUCC	0.0028300142486611113
ENST00000592588	316	316	GGUGGGCAGCAUGGUGGGCGU	3.4332873267836456e-15
ENST00000592588	326	326	AUGGUGGGCGUCUACAACGGC	0.00027911184685567946
ENST00000592588	438	438	GGCCCGGCAUCGGGGCCACCC	0.0004922158507770252
ENST00000598742	369	369	CGGAGGCCGCACGAUGCCUGG	0.004224458369971861
ENST00000598742	581	581	GGGGUGGCGCUGGGGUUGGCU	0.003335249547050618
ENST00000598742	815	815	AUUAGAACAAACCAUGCUGGG	0.004448008149906153
ENST00000602676	312	312	UGAAGAUCCCAGGUGGGCGAG	0.005838473342077593
ENST00000602676	350	350	CACAAUCUUUCAGCUAACUUA	0.0049770845562062726
ENST00000602676	589	589	GCGAGCCGACCAUGUCUUCAU	0.0028859645248656162
ENST00000602676	687	687	CGGGGCAUCCCCUUGUCCCCA	0.005088815601923345
ENST00000610520	1446	1446	AACGGUCUCAGAACUGUUUGU	9.926737320453677e-11
ENST00000610520	1495	1495	AAAGACUGGUUAAUGAUAACA	1.2310520633045792e-12
ENST00000613865	242	242	GGGAAGGCGACAGUGCCUAAG	0.0006986853827992133
ENST00000613865	496	496	GAAAGUCAGGGGGACUGCAAA	0.00020662700882395044
ENST00000619601	1003	1003	CAGUUGCCAUGUAGACCCCUU	0.0064654266751350345
ENST00000643754	154	154	CUCACAGGGCAGACCCCUGUG	0.003639066967550879
ENST00000643754	373	373	GGUAUCAAAUAUGACCCAAGC	6.703717142831832e-05
ENST00000644759	373	373	GCGUAUGCACACGAACUGCCA	5.259796106745339e-05
ENST00000644759	576	576	UUUGGAUGCAGGCCUUGCCAG	5.390686289125594e-05
ENST00000645674	107	107	CAGGAGAAAGCCAUGUUCAGU	5.503607519087682e-05
ENST00000646539	1024	1024	UGGGGGUGUCCCUUGCCGUCU	2.7783194724505957e-05
ENST00000646539	2211	2211	GGCCCAAGUCAUUGUUUUUCU	0.0015550032055862675
ENST00000646664	129	129	CGGCUCCGGCAUGUGCAAGGC	9.02589260580995e-11
ENST00000646664	210	210	GCACCAGGGCGUGAUGGUGGG	5.869503072174023e-06
ENST00000646664	383	383	CUCCCGAGGAGCACCCCGUGC	2.8815585912572867e-12
ENST00000646664	447	447	GAUGACCCAGAUCAUGUUUGA	5.195245406013945e-05
ENST00000646664	477	477	CACCCCAGCCAUGUACGUUGC	4.865866060144958e-06
ENST00000646664	531	531	CCGUACCACUGGCAUCGUGAU	0.00024868105234756644
ENST00000646664	541	541	GGCAUCGUGAUGGACUCCGGU	6.1247501228631975e-18
ENST00000646664	554	554	ACUCCGGUGACGGGGUCACCC	2.735377762192173e-05
ENST00000646664	650	650	CUGACUACCUCAUGAAGAUCC	0.0002365369162539748
ENST00000646664	674	674	CCGAGCGCGGCUACAGCUUCA	0.0003137574034968754
ENST00000646664	684	684	CUACAGCUUCACCACCACGGC	0.00020145381897337567
ENST00000646664	715	715	AUCGUGCGUGACAUUAAGGAG	0.00032971277949891915
ENST00000646664	767	767	AAGAGAUGGCCACGGCUGCUU	0.00033930145561993075
ENST00000646664	803	803	AGAAGAGCUACGAGCUGCCUG	6.405264419563558e-08
ENST00000646664	872	872	CACUCUUCCAGCCUUCCUUCC	5.8079913821179066e-06
ENST00000646664	993	993	UGGCGGCACCACCAUGUACCC	1.7738464464531763e-08
ENST00000646664	1034	1034	AGAAGGAGAUCACUGCCCUGG	0.0001684458536339094
ENST00000646664	1050	1050	CCUGGCACCCAGCACAAUGAA	4.176883226014172e-08
ENST00000646664	1153	1153	CAGAUGUGGAUCAGCAAGCAG	9.395832611180366e-05
ENST00000646664	1172	1172	AGGAGUAUGACGAGUCCGGCC	9.709511905050453e-06
ENST00000646664	1184	1184	AGUCCGGCCCCUCCAUCGUCC	2.4773997980898816e-05
ENST00000646664	1199	1199	UCGUCCACCGCAAAUGCUUCU	2.757571259014184e-07
ENST00000646664	1215	1215	CUUCUAGGCGGACUAUGACUU	1.7090700929850784e-06
ENST00000646664	1224	1224	GGACUAUGACUUAGUUGCGUU	1.4980848707075354e-06
ENST00000646664	1241	1241	CGUUACACCCUUUCUUGACAA	0.00024215112554860864
ENST00000646664	1277	1277	GAAAACAAGAUGAGAUUGGCA	3.149458100991415e-08
ENST00000646664	1291	1291	AUUGGCAUGGCUUUAUUUGUU	1.1451967586699373e-05
ENST00000646664	1355	1355	CAGGAUUUAAAAACUGGAACG	7.147045367614236e-06
ENST00000646664	1376	1376	GUGAAGGUGACAGCAGUCGGU	0.00026354483322786094
ENST00000646664	1414	1414	AAAGUUCACAAUGUGGCCGAG	2.6021488721644362e-09
ENST00000646664	1423	1423	AAUGUGGCCGAGGACUUUGAU	6.600911144336003e-12
ENST00000646664	1435	1435	GACUUUGAUUGCACAUUGUUG	5.561675805213545e-06
ENST00000646664	1447	1447	ACAUUGUUGUUUUUUUAAUAG	0.0001183252288574868
ENST00000646664	1496	1496	AGGAAGUCCCUUGCCAUCCUA	1.8252353093669355e-10
ENST00000646664	1518	1518	AAGCCACCCCACUUCUCUCUA	2.476389046861711e-05
ENST00000646664	1543	1543	GAAUGGCCCAGUCCUCUCCCA	8.359861477034745e-08
ENST00000646664	1565	1565	GUCCACACAGGGGAGGUGAUA	7.437106058836902e-14
ENST00000646664	1574	1574	GGGGAGGUGAUAGCAUUGCUU	1.12613731668639e-10
ENST00000646664	1599	1599	GUAAAUUAUGUAAUGCAAAAU	5.939985883592513e-05
ENST00000646664	1610	1610	AAUGCAAAAUUUUUUUAAUCU	9.207944087506116e-06
ENST00000646664	1655	1655	UUUUAUUUUGAAUGAUGAGCC	0.0001848788369578941
ENST00000646664	1664	1664	GAAUGAUGAGCCUUCGUGCCC	2.4837925164909688e-05
ENST00000646664	1677	1677	UCGUGCCCCCCCUUCCCCCUU	9.416460706384787e-07
ENST00000646664	1708	1708	CAACUUGAGAUGUAUGAAGGC	2.0315789392431485e-05
ENST00000646664	1743	1743	GGAGUGGGUGGAGGCAGCCAG	1.1834705489675094e-05
ENST00000647841	112	112	GCAACGACUUCCACACGAACA	6.014351290197894e-05
ENST00000647841	192	192	GGUUAUGUCACGCAUCUGAUG	2.5955639600294144e-06
ENST00000647841	366	366	GACUUCGGCAGUCUGUCCAAC	1.3640888305859673e-05
ENST00000648006	245	245	UGGAGCAUUCAGACUUGUCUU	0.0002050766069508793
ENST00000648006	598	598	GGUUGCUCCACAGGUAGCUCU	0.0024720301216334104
ENST00000648437	39	39	GCCGCAGAGAUGUUGAUGCCU	0.0002749411208798233
ENST00000648437	118	118	AGAAGGAUGUCCACAUGCCUA	1.3910638317443231e-08
ENST00000648437	222	222	AAGGAACAGUUUGCCUGGAGA	0.0013115247175614186
ENST00000648437	237	237	UGGAGACAUUUCUACUGGUAC	0.0006930395976959804
ENST00000648437	368	368	AGGUCUGGAGGGUGAGCGACC	2.897677155737528e-05
ENST00000648839	98	98	AAAGGCAUUUCAAUGCACCUU	7.619271665435881e-05
ENST00000648839	196	196	AUCCGAAAGGAUGAUGAAGUU	1.5104979897749102e-05
ENST00000648839	318	318	GGCUAAUGGCACAACUGUCCA	5.9584585688683103e-05
