transcript_id	start	end	seq
ENST00000009589	522	522	AACTTCTGTTG
ENST00000196551	143	144	TGGAGCACCGAT
ENST00000216146	483	483	TCAAGACTGTC
ENST00000228306	128	129	TGGAAGGCCCGG
ENST00000228306	172	172	TGAGCTCCCTG
ENST00000229239	881	881	GGAAATCCCAT
ENST00000233997	168	168	CTGCGGGGGTG
ENST00000234590	187	187	GATCTCTTCAC
ENST00000234590	353	353	TTAGCAAGAAA
ENST00000234590	163	163	CGCGGGAATCC
ENST00000234590	336	336	TATTGCGCCTG
ENST00000234590	224	225	TGCCCAGTGGTG
ENST00000234590	576	576	CATCAATGGCG
ENST00000234590	446	446	ACGCCATTCTG
ENST00000234590	802	802	AAGACTGCTAT
ENST00000234875	528	530	GAAAATTGGAAAT
ENST00000234875	1041	1041	TAACTAAATGT
ENST00000234875	1175	1175	CAATGGGGGCC
ENST00000234875	1266	1266	GTGGGAGGTGC
ENST00000234875	899	904	ATTTTTTGATTACAAA
ENST00000242465	592	592	ATCTTGGGACA
ENST00000261267	471	471	TTGTCAAAACA
ENST00000264258	1019	1019	GCCTTCATGTT
ENST00000264258	618	618	AAGAAGGGTGG
ENST00000265073	758	758	AATCTTAACTG
ENST00000270625	165	167	AGAAACTGGCAAG
ENST00000272317	828	828	AACATTTATTG
ENST00000274242	6046	6046	ACTCAGGGAGC
ENST00000274242	5435	5441	TGTATTTTTAGATTACT
ENST00000274242	6005	6008	AAATTAGCCAGGCA
ENST00000274242	5629	5629	ATACTTTTCTG
ENST00000274242	7555	7555	ATATCTCCATT
ENST00000274242	5821	5825	CTGCTGGGTAGTTAT
ENST00000274242	7604	7608	TGTTAAAGTTATGTA
ENST00000274242	7338	7339	GGAAAAGGTGTT
ENST00000274242	5610	5611	TGATTTCAGCTT
ENST00000274242	7480	7480	GAGAGAGAAAC
ENST00000274242	7516	7516	AGCACAGCACA
ENST00000274242	5405	5411	TGCCCCAGGATGAAGAC
ENST00000274242	5378	5382	TCTTTATACGGTGGG
ENST00000274242	6336	6336	TCTCTGGGCTC
ENST00000274242	5526	5528	CCTATGTAATCGT
ENST00000274242	6481	6482	TCCAAAGAAATT
ENST00000274242	6266	6266	TCCTCAGGAAA
ENST00000274242	5574	5574	TAAACTGCAAG
ENST00000274242	7593	7595	CAGAGATTATCTG
ENST00000274242	6355	6360	AATGGTTGTACGAAAC
ENST00000274242	6036	6036	AGTCCCAGCTA
ENST00000274242	5390	5390	GGGAGTATACC
ENST00000274242	5582	5582	AAGCTGGCAGT
ENST00000274242	7380	7381	CAGGGAAGCAAC
ENST00000274242	7261	7261	GGTGGCAAATG
ENST00000274242	5505	5505	TCAATAGGTAA
ENST00000274242	5809	5809	TTTGGAGGTTC
ENST00000274242	5724	5727	CTTCCTTGGCTGGC
ENST00000274242	5365	5371	TTTTATGTTTGTGTCTT
ENST00000274242	6023	6030	GGTATGTGCCTGTAGTCC
ENST00000274242	7630	7639	ATAAAGATGCTGACAGTGTT
ENST00000274242	7277	7277	GAATCACCAAA
ENST00000274242	7507	7507	CTGTGAGGCAG
ENST00000274242	5845	5845	TGATGGACCCA
ENST00000274242	6443	6443	CTTTGTCCAAG
ENST00000274242	5869	5869	TACTCTGCCAG
ENST00000274242	7445	7445	CAGAGTGAACA
ENST00000274242	6502	6502	GTCTCTATCCT
ENST00000274242	6119	6120	TGCACTCCAGCC
ENST00000274242	5991	5991	ATTAAAAATAC
ENST00000276682	965	965	AACATTATCAA
ENST00000276682	891	891	AGGCAAAGGCG
ENST00000276682	1094	1097	TTGATGAAGTCCAA
ENST00000276682	1161	1161	CGTGGGCTGGT
ENST00000276682	1385	1385	ATATCACCTTT
ENST00000276682	998	998	TTGTTCAAGGA
ENST00000287022	187	187	TTCAATAAACT
ENST00000293831	724	733	TTGTCAAGAAGGAAGAGTTG
ENST00000293831	618	620	TTCCAAAAGCTCA
ENST00000293831	913	913	CTGTATCCGCC
ENST00000293831	1324	1325	AAGGGATGGACA
ENST00000294189	500	500	GGCCCAGGCTG
ENST00000294189	53	53	TCTTCCGGTTC
ENST00000295955	738	738	TGGACCTTCTT
ENST00000296674	231	231	TTTCGCTCAGG
ENST00000296930	1507	1507	GTAGCACGGTT
ENST00000301821	1068	1068	AAAAGTTGTCT
ENST00000307839	1762	1762	TGAAAGCTCCT
ENST00000307839	2350	2350	AAGGAATTGCC
ENST00000307839	1754	1754	ATAAAAGGTGA
ENST00000307839	1955	1957	GACGTCAACCCTA
ENST00000307839	1549	1551	CTGAAACTAGCCC
ENST00000307839	1810	1811	TGGTAATGGTAA
ENST00000307961	1465	1465	GAAACATGACT
ENST00000309311	1174	1174	CCTGTGACGGC
ENST00000309311	80	83	CGCCATCCGCCACC
ENST00000309311	263	263	CTGATACCCGG
ENST00000309311	665	665	CCTACGGCGAG
ENST00000311111	139	139	CCTCGGAAAAT
ENST00000311528	1071	1071	TGGCCAACATG
ENST00000311528	860	860	TCCAAGCCCTG
ENST00000311528	384	384	AGGCGGAACAA
ENST00000311528	903	903	TTGGTTGTTTG
ENST00000311528	1043	1043	GAGGTTGGCTG
ENST00000311528	1062	1062	AGACCAGCCTG
ENST00000316292	1031	1031	TCATTGGACAC
ENST00000316292	1225	1225	TTGTGGAAATT
ENST00000316292	1048	1048	TCGGGCAAGTC
ENST00000316292	1020	1020	CAACATTGTCG
ENST00000318607	928	928	CGCTCCCCGCC
ENST00000318607	693	693	TTATTATTAAA
ENST00000318607	806	807	TTTATAAAATAA
ENST00000318607	1728	1728	GGAGAAGACAT
ENST00000318607	1214	1214	CTACGAGAAGT
ENST00000321358	1102	1102	AGGGCGGGGCT
ENST00000322989	236	237	TACATTGGCGAA
ENST00000322989	254	254	ATCATTGATGA
ENST00000322989	514	514	CAAATAAAATG
ENST00000322989	80	80	CATCCTGCAAT
ENST00000322989	296	296	ACAGGCAGGCT
ENST00000326092	219	219	TATAAGAAAGG
ENST00000326092	107	107	GTAATTCGCCA
ENST00000326199	42	44	AGCACCGCGCATG
ENST00000329251	810	810	ACCTAAAAAGG
ENST00000331523	1071	1071	CGGTATGGTGG
ENST00000331523	557	557	TTACAGGGACA
ENST00000331523	749	749	ATGAGGAAATT
ENST00000331523	476	476	CCTTGTGGAAA
ENST00000331523	1729	1729	GTAGTAAAAGA
ENST00000331825	479	479	TGGGGTAAAAC
ENST00000338970	811	811	TTAGGAGGCAG
ENST00000341369	248	248	AGGAGAAGAAG
ENST00000341369	262	262	GTTGTGGAAGA
ENST00000341369	282	282	TGGAAGAGACG
ENST00000341369	232	232	ACCACCAAGGA
ENST00000341423	1477	1477	GATAGTTTTCA
ENST00000341423	1633	1633	AGAAAAGTATG
ENST00000341423	1620	1620	TTGAAGGACTA
ENST00000341423	62	62	GCTGCGTCTGG
ENST00000341423	2204	2204	TTTGTGATGGA
ENST00000341423	2217	2217	GCTGTTTTGTT
ENST00000341423	1129	1129	ATATGGGGATG
ENST00000341423	1300	1300	TATTGTTGTCC
ENST00000341423	1454	1456	TAATGGGGGTAAA
ENST00000341423	1915	1915	CAGCTTTTCAA
ENST00000341423	1366	1367	CCATTTTGAATC
ENST00000341423	1656	1656	CATGAGGACTC
ENST00000341423	1333	1333	CTTCTTGAGGG
ENST00000341423	1391	1393	CAGTGTTTATCCT
ENST00000341423	1962	1962	TATATTACGGT
ENST00000341423	2048	2048	TTTGAATGATT
ENST00000341423	1410	1410	TAGTTAGCTAA
ENST00000341423	1788	1788	TTTTGTTGACA
ENST00000341423	1293	1293	TTATTAGTATT
ENST00000341423	1562	1562	GTAATCAATCT
ENST00000347512	499	500	AGAAGCCCTGGC
ENST00000347512	564	564	TCTGGTGCCCG
ENST00000347512	590	590	TCTCCGGGTGC
ENST00000350669	1071	1071	CCTGTGGGACA
ENST00000353801	1250	1251	ATTTTATCCGTG
ENST00000353801	1221	1221	CTGTGATGAGT
ENST00000353801	1098	1098	AGGTCAGTTGG
ENST00000353801	1188	1188	ACTCTATGTCC
ENST00000353801	1060	1060	TGGGAAGACCA
ENST00000353801	1260	1260	TGGTGTGGTTG
ENST00000353801	1804	1804	TTTGAGAACCT
ENST00000353801	1415	1415	ATGAGGCATTC
ENST00000353801	1484	1485	AGCTGCTGCGCT
ENST00000353801	711	711	GAGGCGGGTCA
ENST00000353801	2290	2290	GAAGTCGATTA
ENST00000353801	797	797	AAATTAGTGAT
ENST00000353801	1048	1049	CTCACTAATGAC
ENST00000353801	1040	1040	ACAAGAGCCTC
ENST00000353801	1109	1109	AATTCAGGGCA
ENST00000356769	1894	1894	TCGCTCGGTCT
ENST00000361453	1018	1018	TATCTCCCCTT
ENST00000361624	1276	1276	TTTCTTCCCAC
ENST00000361739	648	648	CCCTAAAAATC
ENST00000366813	542	542	TATCAGAAGTC
ENST00000366813	612	613	ACTTTAAAACAG
ENST00000366813	628	628	GCGCTTCCAGA
ENST00000366813	677	678	TATCTGGTTGGC
ENST00000366815	1071	1071	TGCTATTAAAA
ENST00000371554	1810	1810	AGAGCCTGGTC
ENST00000371554	1886	1886	CAAGGCAAAGT
ENST00000371554	1718	1718	GGAGCGAGTGC
ENST00000371554	2048	2049	ACTTCGGGACAA
ENST00000371554	1652	1652	GACACAGAAGT
ENST00000371646	1570	1570	TCACTGGTGAG
ENST00000371646	1618	1619	GAGTGCGGAAAC
ENST00000371646	1469	1469	TGAGCTGCTGC
ENST00000371646	1411	1411	TCTCTAAAAAT
ENST00000371646	1400	1400	CTATGAGGCAT
ENST00000371646	2038	2040	CTGAGGCCGACAA
ENST00000371646	1523	1523	AGAGTATGTTT
ENST00000371646	2086	2086	TGTTTGAAACC
ENST00000371646	1435	1436	TCCACGAAGACT
ENST00000374550	319	319	CAGAAGAAATC
ENST00000374550	400	400	GTTTTGGGATC
ENST00000379056	417	417	TGACAGGGGCT
ENST00000379056	458	458	TTCAAAAACTA
ENST00000381401	2031	2031	CCTGCTGCAAA
ENST00000392221	98	98	TGGGGCGCCCA
ENST00000392221	868	868	TAAAAGATTGA
ENST00000392221	752	752	AAGTTGGAACA
ENST00000393099	313	313	GCGCGTGGCCA
ENST00000393099	501	501	TGGCCGGCATT
ENST00000393099	555	555	GGAGGCGGAAC
ENST00000393099	915	915	TCGGCAGTCAT
ENST00000394920	21	22	GTGAACAGGTAG
ENST00000396076	940	940	GTGGAGTGGTG
ENST00000396076	372	372	TTGCGGAAGAA
ENST00000396076	633	633	TCCGTCAGCAA
ENST00000396076	718	718	GTACAGTCCTG
ENST00000396076	664	664	TCTGGTGCAGA
ENST00000396076	336	336	AAATGGCAACT
ENST00000396076	552	552	TTCTTCAGACA
ENST00000396203	827	827	GACAAATGTAT
ENST00000396861	27	28	TTTTGCGTCGCC
ENST00000401609	279	279	GTTGTGGGCAT
ENST00000404735	77	77	TGGTGCCTTCT
ENST00000404735	102	102	CCTAACCTGTC
ENST00000409115	69	69	CCTCCTTGCTC
ENST00000409115	51	51	TGCATTGTTCC
ENST00000413699	1377	1377	GGTGGGAAGCT
ENST00000413699	1187	1187	CCTGAAGAAAA
ENST00000413699	1253	1253	GTTCAGTGCCA
ENST00000413699	1200	1200	GCCTCAGCCTC
ENST00000413699	1393	1393	GCCAGTGGCCA
ENST00000413699	1348	1348	AAGATTGGTAA
ENST00000413699	1136	1138	AGTTTGGCAGGTG
ENST00000413699	1284	1284	ATTAGTGGTAA
ENST00000413699	1126	1126	CGTTTTTTTTA
ENST00000422465	412	412	GCTGTGCGCCA
ENST00000422465	201	201	CCAGGCAGAGT
ENST00000422465	644	644	TTGGCAGCTGT
ENST00000422465	284	288	AGAGTGGGGCCAAAG
ENST00000422514	1374	1375	TTTATCCCTGGA
ENST00000422514	1157	1157	GTCAATTTCTG
ENST00000422514	1247	1250	ACCTCACCCTGCCA
ENST00000422514	1207	1209	GGCTTGGGCAAGA
ENST00000422514	1225	1225	GTTCTACTTAT
ENST00000422514	1288	1291	TCTTTGTGACTAGA
ENST00000422514	1364	1364	AAGAACCCCTT
ENST00000424576	246	246	AGAAGGTTGAT
ENST00000424576	841	841	CAAGAAGAAGA
ENST00000424576	289	293	AGCTAAAAAGCCCAA
ENST00000425660	581	583	TCGTGATGGACTC
ENST00000425660	659	659	GTCTGGACCTG
ENST00000425660	787	787	GCCCTGGACTT
ENST00000425660	51	51	CCGATCCGCCG
ENST00000429711	567	567	TCTTCCTTCCT
ENST00000435882	567	567	CCAGTGGATCA
ENST00000439590	114	114	TTCCCCGGTTG
ENST00000442744	33	33	GTTGGTGGCGG
ENST00000442744	13	13	TCAGCGAGGCG
ENST00000442744	90	90	GGCAAAACCAT
ENST00000449470	837	837	GAGACCAGGTG
ENST00000449470	453	453	AATGAAGACTA
ENST00000449470	746	746	ACTTCCCCATC
ENST00000449470	398	398	GTTTGGTGGAA
ENST00000449470	429	429	TCACCCCCAGT
ENST00000450589	35	35	ATGGTGCTGGG
ENST00000461690	95	95	TTTTAGAAAAC
ENST00000461690	539	540	TAAAGGACCTCT
ENST00000462494	46	46	CTTTGCCGATC
ENST00000462494	982	983	CGTGATGGACTC
ENST00000462494	1260	1260	ACGGCCAGGTC
ENST00000462494	205	205	GCACCAGGGCG
ENST00000464167	489	489	TGGGGAAAAGT
ENST00000464920	1618	1619	CATGGACGTAGC
ENST00000464920	1539	1539	TCCTGGAGAAT
ENST00000464920	1661	1661	GACCTGGACTT
ENST00000464920	2181	2181	CCTTGGCCAAG
ENST00000464920	1610	1610	GTCATCGGCAT
ENST00000464920	1833	1833	TAGTGGGGGAT
ENST00000464920	1650	1655	CTGGGAAGTATGACCT
ENST00000464920	1619	1624	ATGGACGTAGCGGCCT
ENST00000464920	1799	1799	TGGCAGAAGTT
ENST00000464920	1913	1913	CTCAAAGTCAA
ENST00000464920	1678	1678	TCCCGATGACC
ENST00000464920	1871	1871	ATCGCCAAGGC
ENST00000464920	1850	1852	ACAGTGACCAACC
ENST00000464920	1561	1564	GGAGCTGCTGAAGA
ENST00000464920	2504	2504	CCCCGGTGGTT
ENST00000464920	1753	1753	AGTGGTGTCTA
ENST00000465618	938	938	TACGTGGAAAC
ENST00000465618	716	716	CCTCGGAAGCG
ENST00000467075	451	451	CTGCACAGTTC
ENST00000475953	936	936	TTGCCCAGGCT
ENST00000478027	698	698	TACCTACCATT
ENST00000478027	536	540	TGAAGTTTGCTGCTG
ENST00000478027	584	584	CTCCTGGAACC
ENST00000479563	426	427	GCTTCTCCCAAA
ENST00000479563	107	107	TGATCAGAACA
ENST00000481027	916	918	ATGAATTGACTTT
ENST00000481027	754	754	GGCTAAAATTT
ENST00000496634	4141	4142	GAACGAGTGACA
ENST00000496634	4460	4460	AGGAGATGGAT
ENST00000497825	59	59	AATCCGGGTTC
ENST00000504325	763	763	CGAAGGCAAAC
ENST00000504325	1014	1014	TGGTGCGAGTG
ENST00000504325	668	668	CACACAGGCTA
ENST00000511473	703	703	CACACAGGCTA
ENST00000512805	671	671	CCTGCGCCTCT
ENST00000512805	1163	1163	TGCCACAGGCC
ENST00000512805	562	562	CCAACTATGGA
ENST00000512805	713	718	ATTTGTGGGCCATACC
ENST00000512805	418	418	CTGAGCAGATG
ENST00000512805	490	491	AGTTCCCGGACA
ENST00000517671	546	546	TAAGTATATCT
ENST00000517671	438	438	TAAGGTTGAAG
ENST00000517671	404	404	CTTGGGGGCTT
ENST00000517671	803	803	TCAAAAGGACA
ENST00000520868	43	43	CGTGTTGCTAA
ENST00000521291	133	133	CCGCTCCTAAG
ENST00000521291	159	159	CCGCAAAGAAG
ENST00000521291	234	234	TCCTGGGGTAC
ENST00000521291	196	199	CTCTAGGCTCCAAC
ENST00000521291	275	275	AAAGCGAAATT
ENST00000525340	1776	1776	AGAGACCCAAC
ENST00000525340	1806	1807	GAAAGAGAAGGG
ENST00000525340	1443	1445	TACCTGGGTGTTC
ENST00000525634	125	125	CCTTTCGTTGC
ENST00000526409	777	777	TTGAGAGCAAC
ENST00000526409	1243	1243	ACCTAAAAAGG
ENST00000526409	1317	1317	AGGAGAAAAAG
ENST00000526409	1025	1025	GTGGGCGAACG
ENST00000526409	1264	1264	GAAAGAGAAGG
ENST00000526668	673	673	GAAAGAGAACT
ENST00000526668	249	249	TGTGCTGCCTG
ENST00000526668	80	80	CCCCTCGCCAA
ENST00000529639	823	823	TAATAAAAAAG
ENST00000529639	329	329	CGCCCTCGCTT
ENST00000529639	314	314	CGGTCTGTACT
ENST00000530022	553	556	GGGAAAGTTGGTAT
ENST00000530705	1213	1213	GGGAAAGACCA
ENST00000530705	1314	1314	GAATAAAAAGA
ENST00000530721	761	761	TCTCTAAAGAC
ENST00000530721	577	577	GATTGGCCCTA
ENST00000530721	410	410	CTCCGAGGACA
ENST00000531065	1157	1157	GCAAGCCCCAC
ENST00000531065	1065	1065	CAAGGAGGTGG
ENST00000531065	1100	1100	TCCTGGCCAAG
ENST00000531065	1117	1117	ATCGTCCCCGT
ENST00000531188	874	875	GACACAAGGTCT
ENST00000531975	405	405	GTGGCCGAATT
ENST00000532746	365	365	CGTGCCGGCCA
ENST00000544537	362	362	TCTCGGTGGCT
ENST00000544537	574	574	CAGGAGCTCAA
ENST00000546500	672	672	TTGGAGGGTTG
ENST00000546500	1263	1263	ACTTCGGTCGT
ENST00000546500	2268	2269	GATTTAATTCTC
ENST00000546500	1291	1291	TCGTGGTGGCT
ENST00000549098	406	406	TAAGGTGCCAG
ENST00000551150	274	274	GACATCGTCTT
ENST00000551150	521	523	GCACCTGGAAAAC
ENST00000551150	254	254	GCTCCCTGTCT
ENST00000551150	295	295	GTGGCAATCCC
ENST00000552461	1890	1890	TAAGGTGCCAG
ENST00000552461	1968	1968	GCCCGAGAAGA
ENST00000563390	138	138	AAGAGAGGCAA
ENST00000563390	432	432	AGACGAAAACA
ENST00000563390	79	80	CCACAATGGTGC
ENST00000563390	66	66	TCTTTCCGCGC
ENST00000567815	631	631	AAAAGAGCCAA
ENST00000567815	162	164	AGCCAAGGCGCGC
ENST00000568588	994	995	AGGAAGCTGTTT
ENST00000568588	983	985	CAAGAAGACCAAG
ENST00000568588	902	902	AGCACTGGTCA
ENST00000568588	1027	1028	CCTGGAATGATA
ENST00000568588	968	970	TAAAGTTGAAGGC
ENST00000568588	941	941	TCCTGAACTTC
ENST00000572008	95	95	GGCAAACGCCA
ENST00000572008	31	31	CACAATGGTGC
ENST00000572008	170	170	TACATTGGCGA
ENST00000573283	46	47	GCTCCGCCGTCG
ENST00000573283	93	94	CCGCGCTGGTCA
ENST00000573283	106	107	TGACAATGGCTC
ENST00000579248	609	609	GATTAACCCAT
ENST00000579248	151	152	GAGGGCCTGACT
ENST00000579248	116	116	GGAGGCGGTGG
ENST00000579248	280	280	TTTAAGAACAC
ENST00000579248	661	661	AAGGAACAGAT
ENST00000579374	616	621	AACCTCCCACTTTGTC
ENST00000579374	190	190	ACGGTCCATTC
ENST00000598742	808	809	GCATTAGAACAA
ENST00000600659	22	22	GCCGCGCCGCC
ENST00000601521	594	594	TTTGGGAAGTG
ENST00000610520	562	562	CACAGTAGCAT
ENST00000610520	607	608	GCTGGAGCCAAG
ENST00000613865	322	322	GATTCAGAACT
ENST00000614077	244	244	GCAAGGATTCT
ENST00000615060	671	671	CTGGAGCCAAG
ENST00000615060	172	172	CAAAAGAACCA
ENST00000615060	1117	1117	AATAAGCGCCG
ENST00000615060	157	158	ATGCGGTGGCAT
ENST00000615060	569	569	GAGGAAATTGT
ENST00000615060	782	782	ACTCGTCCAAC
ENST00000615060	60	60	AAGCCAAAATG
ENST00000615060	1348	1348	ATATGAGACAG
ENST00000615060	94	94	CATTGTCGTCA
ENST00000615060	1139	1139	GTATTGGATTG
ENST00000618619	701	701	AAATGTAATTA
ENST00000618619	254	254	CGAAAAGCCAC
ENST00000619601	193	198	GGAGAAGGCTGGGGCT
ENST00000619601	189	193	CCATGGAGAAGGCTG
ENST00000619601	150	150	GCGCTGAGTAC
ENST00000619601	376	376	CAACTTTGGTA
ENST00000619601	241	241	CTCTGCCCCCT
ENST00000620073	1851	1851	CAAGGCAAAGT
ENST00000620073	1797	1797	GGAGGGTCTGG
ENST00000620073	1775	1775	AGAGCCTGGTC
ENST00000620073	1386	1386	GAAAGTCATTC
ENST00000620073	1404	1411	CATTGTTAAGAAGTGCCT
ENST00000620073	2596	2596	GTTCTGAAATT
ENST00000620073	1536	1537	GTCTGAGCTGCT
ENST00000620073	1679	1680	TTGTGGAGCGAG
ENST00000620073	1529	1529	GCCGCCTGTCT
ENST00000620073	2631	2631	CCGTTTTTATA
ENST00000620073	1443	1443	AGAAGACAAGG
ENST00000620073	1592	1595	CAGAGTATGTTTCT
ENST00000620073	1585	1585	TCTCTGTCAGA
ENST00000620073	1688	1688	GAGTGCGGAAA
ENST00000620073	1503	1504	AATCCACGAAGA
ENST00000620073	2013	2014	ACTTCGGGACAA
ENST00000620073	1901	1901	AGAAGGTTGAG
ENST00000620073	1805	1805	TGGAGCTGCCT
ENST00000620073	1407	1414	TGTTAAGAAGTGCCTTGA
ENST00000621356	403	404	CTACGTGAAGGA
ENST00000621356	452	456	AATGAGGGTATCCAG
ENST00000621356	508	508	TGCCACCCTAC
ENST00000621356	307	307	GAAGGATGTCC
ENST00000624069	548	548	GGCTACGGAAA
ENST00000624069	134	134	GTGAAGGCATC
ENST00000645496	448	448	GAGACCAGGTG
ENST00000646539	1093	1093	TTGGCTGGCAA
ENST00000646539	1063	1063	GGGGTCCCCCT
ENST00000646539	1103	1103	ACTCTGAAGTC
ENST00000646539	1774	1774	GGTTGGGGCGT
ENST00000646539	1706	1706	TGCTCAAAGTC
ENST00000646539	1364	1365	TGAAGACTGCTA
ENST00000646664	170	170	CGGGCCGTCTT
ENST00000647408	1014	1014	CCAGGATGACT
ENST00000647408	1067	1068	TAGTGGGGGATG
ENST00000647408	1033	1033	TGGCAGAAGTT
ENST00000647408	957	958	CCTGTACAAGTC
ENST00000647408	1193	1193	GCAAGCTGGCC
ENST00000647408	1097	1098	CAAAGAGGATCG
ENST00000647408	1132	1132	TGCAACTGCCT
ENST00000647408	945	945	CCAGCTGGCTG
ENST00000647408	1265	1265	TCGCTGACCTG
ENST00000647408	1301	1301	TCAAGACTGGT
ENST00000647408	1059	1060	AATCCAGGTAGT
